features,model,split,accuracy,balanced_accuracy,precision,recall,f1,macro_f1,roc_auc,average_precision,brier,log_loss,tn,fp,fn,tp,threshold,fit_seconds
base,dummy_prior,validation,0.5835995740149095,0.5,0.5835995740149095,1.0,0.7370544720914594,0.3685272360457297,0.5,0.5835995740149095,0.24482418624489563,0.6829231408727313,0,391,0,548,0.5,
base,dummy_prior,test,0.6144745998608212,0.5,0.6144745998608212,1.0,0.7612068965517241,0.38060344827586207,0.5,0.6144745998608212,0.23703257752531,0.6669958702025641,0,1108,0,1766,0.5,0.0
base,logistic_regression,validation,0.7018104366347178,0.6818773685291317,0.719672131147541,0.801094890510949,0.7582037996545768,0.684657455382844,0.7383650381764892,0.778080049147039,0.20109121543626385,0.5882963005346994,220,171,109,439,0.51,
base,logistic_regression,test,0.686151704940849,0.6703036906509234,0.7471395881006865,0.739524348810872,0.7433124644280023,0.6697761964037952,0.7384593055345454,0.8105842472890435,0.1997374494244968,0.5832678586197947,666,442,460,1306,0.51,0.1
base,random_forest,validation,0.6922257720979765,0.6890529617115015,0.7504835589941973,0.708029197080292,0.7286384976525822,0.6865824714585174,0.7375623051505591,0.78068070111455,0.20145726424383023,0.5894152016181142,262,129,160,388,0.6,
base,random_forest,test,0.6774530271398748,0.6723049907805275,0.7597523219814242,0.6947904869762175,0.7258207630878438,0.6670928910496253,0.7230555294348524,0.7956643894955086,0.20285673017632885,0.5911650333145337,720,388,539,1227,0.6,1.2
base,mlp,validation,0.7092651757188498,0.6966905930890287,0.7408056042031523,0.7718978102189781,0.7560321715817694,0.6981741885576831,0.7406985644146583,0.7764557900592906,0.20282600948215024,0.5963857049545597,243,148,125,423,0.57,
base,mlp,test,0.6812804453723034,0.655747247445736,0.728494623655914,0.7672706681766704,0.7473800330943188,0.6578558977912687,0.7254876508129898,0.7999985250370056,0.20493695449173127,0.5983091931434984,603,505,411,1355,0.57,0.8
base,tabnet,validation,0.6922257720979765,0.6850229618981836,0.7402597402597403,0.7281021897810219,0.734130634774609,0.6843851656806041,0.7407849048854706,0.7835611438568106,0.20571412182822982,0.600706470431213,251,140,149,399,0.63,
base,tabnet,test,0.6708420320111343,0.6679344293126075,0.7588383838383839,0.6806342015855039,0.7176119402985075,0.6615582637272355,0.7103859095387811,0.7796140257818204,0.21467057050356403,0.6249250137200101,726,382,564,1202,0.63,25.1
extended,dummy_prior,validation,0.5835995740149095,0.5,0.5835995740149095,1.0,0.7370544720914594,0.3685272360457297,0.5,0.5835995740149095,0.24482418624489563,0.6829231408727313,0,391,0,548,0.5,
extended,dummy_prior,test,0.6144745998608212,0.5,0.6144745998608212,1.0,0.7612068965517241,0.38060344827586207,0.5,0.6144745998608212,0.23703257752531,0.6669958702025641,0,1108,0,1766,0.5,0.0
extended,logistic_regression,validation,0.7071352502662407,0.6959648664289582,0.7424511545293073,0.7627737226277372,0.7524752475247525,0.6969677411026631,0.7600388298766031,0.7922396754582766,0.19306424414005743,0.5699131508818309,246,145,130,418,0.54,
extended,logistic_regression,test,0.7014613778705637,0.6930176294303552,0.7718562874251497,0.7298980747451869,0.7502910360884749,0.6895918848262443,0.7619152994182125,0.8235116331305602,0.19115304479105022,0.5641337801434546,727,381,477,1289,0.54,0.1
extended,random_forest,validation,0.7039403620873269,0.6983567308230814,0.7537593984962406,0.7317518248175182,0.7425925925925926,0.6971108326371485,0.7543870293277577,0.7940140175576839,0.19621636632222145,0.5775669895449361,260,131,147,401,0.59,
extended,random_forest,test,0.6938065414057063,0.6851074855575225,0.7655875299760192,0.7231030577576444,0.7437390797903319,0.6817226081752006,0.7470036714351713,0.8125659501484849,0.19457127223931125,0.5721386357610356,717,391,489,1277,0.59,1.3
extended,mlp,validation,0.7177848775292864,0.7028907723038438,0.7418803418803419,0.791970802919708,0.766107678729038,0.7052014903712304,0.7617936416077062,0.8035252185077517,0.19467560103013054,0.5739764402939076,240,151,114,434,0.54,
extended,mlp,test,0.708420320111343,0.6885918737811285,0.7563535911602209,0.77519818799547,0.7656599552572707,0.6899202170393168,0.7598076993838694,0.8286937885129824,0.191832044530616,0.5650548638917358,667,441,397,1369,0.54,0.8
extended,tabnet,validation,0.6890308839190629,0.6844839173371665,0.7442748091603053,0.7116788321167883,0.7276119402985075,0.6826645309432984,0.7246159015811974,0.7627260969464162,0.20736417742324667,0.6043561586130792,257,134,158,390,0.61,
extended,tabnet,test,0.6680584551148225,0.6671826641209202,0.7605905006418485,0.6710079275198187,0.7129963898916968,0.6597160167280266,0.7184721126288375,0.7799795454549606,0.2041067041328914,0.5954185179679825,735,373,581,1185,0.61,17.6
oracle,true_win_prob,validation,0.7273695420660277,0.7045079059868949,0.7317460317460317,0.8412408759124088,0.7826825127334465,0.7084841135095803,0.7804851867754401,0.8088515717520687,0.1857582903743518,0.5553563549678089,222,169,87,461,0.5,
oracle,true_win_prob,test,0.7247738343771747,0.690633547432244,0.7448518332496233,0.8397508493771234,0.789459675272824,0.6960859400974868,0.7772462498620146,0.8414284937841982,0.18338345887447244,0.5432731565421234,600,508,283,1483,0.5,
