product,series,sales_price,synthetic,industry
GTX Basic,GTX,550,False,retail
GTX Pro,GTX,4821,False,marketing
MG Special,MG,55,False,employment
MG Advanced,MG,3393,False,entertainment
GTX Plus Pro,GTX,5482,False,finance
GTX Plus Basic,GTX,1096,False,services
GTK 500,GTK,26768,False,telecommunications
GTX Lite,GTX,250,True,retail
GTX Ultra,GTX,9800,True,technolgy
MG Lite,MG,25,True,employment
MG Elite,MG,7200,True,software
GTK 250,GTK,13400,True,telecommunications
GTK 1000,GTK,52000,True,medical
GTS Starter,GTS,1500,True,services
GTS Standard,GTS,3200,True,marketing
GTS Enterprise,GTS,15000,True,finance
