product,won_deals,revenue,win_rate,open_deals,gross_profit,gross_margin,rd_expense,rd_roi,pipeline_ev,pipeline_to_rd,industry,industry_growth,invest_score
GTX Ultra,775,7234923.0,0.832,348,3681424.0,0.509,1307900.0,1.815,2835901.288,2.168,technolgy,14.17,0.788
GTX Basic,1285,671350.0,0.858,622,394072.7,0.587,135400.0,1.91,293652.973,2.169,retail,-5.26,0.756
GTK 250,780,9951736.0,0.872,388,4031138.2,0.405,1789300.0,1.253,4531146.369,2.532,telecommunications,2.73,0.644
GTS Standard,536,1636216.0,0.588,338,865941.12,0.529,484300.0,0.788,635677.193,1.313,marketing,4.29,0.581
GTS Enterprise,543,7727116.0,0.614,317,4453021.48,0.576,3809800.0,0.169,2920774.887,0.767,finance,4.29,0.581
MG Special,908,47354.0,0.796,410,31291.48,0.661,93800.0,-0.666,17960.877,0.191,employment,5.2,0.569
GTS Starter,463,658249.0,0.551,327,360924.29,0.548,310600.0,0.162,270358.929,0.87,services,4.5,0.556
MG Elite,316,2148406.0,0.376,355,1246867.48,0.58,1492200.0,-0.164,961542.857,0.644,software,24.68,0.525
GTK 1000,472,23222713.0,0.463,383,9785444.12,0.421,8872400.0,0.103,9216031.373,1.039,medical,7.59,0.525
GTX Plus Pro,452,2350738.0,0.642,273,1330393.2,0.566,1449700.0,-0.082,960876.239,0.663,finance,4.29,0.519
MG Lite,631,14996.0,0.736,363,10105.75,0.674,173700.0,-0.942,6681.826,0.038,employment,5.2,0.519
GTX Plus Basic,447,466164.0,0.503,387,244250.85,0.524,232400.0,0.051,213268.778,0.918,services,4.5,0.506
MG Advanced,236,764675.0,0.258,363,482775.36,0.631,581400.0,-0.17,318369.687,0.548,entertainment,7.65,0.488
GTX Pro,399,1832563.0,0.398,415,1009461.91,0.551,1162800.0,-0.132,796691.901,0.685,marketing,4.29,0.419
GTX Lite,699,165461.0,0.731,384,75206.12,0.455,224500.0,-0.665,70192.469,0.313,retail,-5.26,0.306
GTK 500,20,494831.0,0.625,14,185319.2,0.375,2556900.0,-0.928,234220.0,0.092,telecommunications,2.73,0.219
