features,model,split,accuracy,balanced_accuracy,precision,recall,f1,macro_f1,roc_auc,average_precision,brier,log_loss,tn,fp,fn,tp,threshold,fit_seconds,seed,interaction_strength,smooth_strength
base,dummy_prior,test,0.6189579409918393,0.5,0.6189579409918393,1.0,0.7646374563784413,0.3823187281892206,0.5,0.6189579409918393,0.2358790686223571,0.6646359290046657,0,5463,0,8874,0.5,0.3,1,1.0,1.0
base,logistic_regression,test,0.6544604868522006,0.6485390005194451,0.7440239043824701,0.6734279918864098,0.7069679403761978,0.6429979062859915,0.7042539457875301,0.7829573145639396,0.2092930041679857,0.6060413189632103,3407,2056,2898,5976,0.56,0.2,1,1.0,1.0
base,random_forest,test,0.6539722396596219,0.6452246144912168,0.738859724087413,0.6819923371647509,0.7092880164078523,0.6409735800878094,0.7005268214704441,0.7796239367075342,0.2090265762069755,0.6056390740493824,3324,2139,2822,6052,0.59,5.3,1,1.0,1.0
base,mlp,test,0.6557857292320569,0.6415532260358177,0.7314608062051945,0.7013748027946811,0.7161019386757177,0.639514081551126,0.6998680574146209,0.7801995133663397,0.210124645839269,0.6076981861977901,3178,2285,2650,6224,0.54,2.4,1,1.0,1.0
base,tabnet,test,0.668689405035921,0.6508863425314833,0.7354956601187757,0.7257155735857561,0.7305728871242201,0.6502375482343303,0.7051172946976136,0.780747720145252,0.2079047902171356,0.6033799250127683,3147,2316,2434,6440,0.56,116.8,1,1.0,1.0
extended,dummy_prior,test,0.6189579409918393,0.5,0.6189579409918393,1.0,0.7646374563784413,0.3823187281892206,0.5,0.6189579409918393,0.2358790686223571,0.6646359290046657,0,5463,0,8874,0.5,0.2,1,1.0,1.0
extended,logistic_regression,test,0.7579688916788728,0.7601224947173666,0.8409033560434015,0.7510705431597926,0.7934523809523809,0.7506086226810077,0.8372106474390734,0.8941887854345661,0.1605178692830578,0.4887553321069511,4202,1261,2209,6665,0.57,0.5,1,1.0,1.0
extended,random_forest,test,0.7744995466276069,0.7519456910753849,0.8004687333546394,0.8467432950191571,0.8229560265045726,0.7562393692495973,0.8470072461983378,0.898338427002682,0.1564350593698887,0.4779572565200733,3590,1873,1360,7514,0.53,7.1,1,1.0,1.0
extended,mlp,test,0.7929831903466555,0.7849596901003579,0.8424165120593692,0.8186837953572234,0.8303806149274203,0.7824057691673608,0.8706182319965844,0.9145967487152684,0.1440679740592308,0.4411478975874316,4104,1359,1609,7265,0.47,3.2,1,1.0,1.0
extended,tabnet,test,0.7950059287159099,0.7883175179215962,0.8468731735827002,0.8164300202839757,0.8313729990246141,0.7850061971557041,0.8690663739853215,0.9132936297229572,0.1423378714574081,0.4415493503777585,4153,1310,1629,7245,0.55,115.5,1,1.0,1.0
oracle,true_win_prob,test,0.8098625932900886,0.7901165465334006,0.8288403936670946,0.8731124633761551,0.850400614641642,0.7947946433330675,0.8833522880643859,0.9236336719990522,0.1335475147751716,0.413282509266616,3863,1600,1126,7748,0.5,,1,1.0,1.0
base,dummy_prior,test,0.6168127545034164,0.5,0.6168127545034164,1.0,0.7629983778707419,0.3814991889353709,0.5,0.6168127545034164,0.2364473615506552,0.6658000430258515,0,5552,0,8937,0.5,0.3,2,1.0,1.0
base,logistic_regression,test,0.6489750845468977,0.6464130598467208,0.7437650335485505,0.6573794338144792,0.6979092421002614,0.6395163077574277,0.698668991054577,0.7799391137506981,0.2110591672156691,0.6097006992983957,3528,2024,3062,5875,0.56,0.3,2,1.0,1.0
base,random_forest,test,0.6498032990544551,0.6452083512702913,0.740805385862112,0.664876356719257,0.7007901875221134,0.6393302019141349,0.6940904313705385,0.7743209558842936,0.210890265441879,0.6095105375904679,3473,2079,2995,5942,0.6,5.5,2,1.0,1.0
base,mlp,test,0.6580164262543999,0.6459649583588482,0.7346217299080839,0.697549513259483,0.7156058084141652,0.6433935576038805,0.695771073950571,0.7753727623008501,0.2105546351270727,0.6087484269379739,3300,2252,2703,6234,0.57,2.5,2,1.0,1.0
base,tabnet,test,0.6625716060459659,0.6428353824191693,0.72609472743521,0.7273134161351684,0.7267035608474481,0.6429080974946952,0.6981021529508996,0.7759343984762452,0.2100881204363501,0.6077187585836837,3100,2452,2437,6500,0.58,114.3,2,1.0,1.0
extended,dummy_prior,test,0.6168127545034164,0.5,0.6168127545034164,1.0,0.7629983778707419,0.3814991889353709,0.5,0.6168127545034164,0.2364473615506552,0.6658000430258515,0,5552,0,8937,0.5,0.3,2,1.0,1.0
extended,logistic_regression,test,0.7580923459175927,0.7546837327349725,0.8265207982688146,0.769273805527582,0.7968704723268618,0.7489427854255652,0.8338225084396409,0.8889791658150149,0.1613337701840157,0.4909930442565681,4109,1443,2062,6875,0.56,0.5,2,1.0,1.0
extended,random_forest,test,0.7711367244116226,0.7669632734134135,0.8343047460449625,0.7848271231957032,0.808809963099631,0.7618916585310773,0.8468559052012824,0.8975179324909507,0.1574865879235183,0.4815105689128254,4159,1393,1923,7014,0.59,7.0,2,1.0,1.0
extended,mlp,test,0.7859065497963973,0.7871565898852002,0.8584592701806119,0.7818059751594495,0.8183415319747014,0.7788565330853174,0.8662803912530204,0.9104251414880236,0.1437022256094569,0.4434782669968489,4400,1152,1950,6987,0.6,3.6,2,1.0,1.0
extended,tabnet,test,0.7835599420249845,0.7856637109784501,0.8589283504516768,0.7766588340606467,0.815724526971442,0.7767585845559551,0.8659046724445438,0.9088371643939476,0.1444187457642261,0.4453324274899074,4412,1140,1996,6941,0.58,87.0,2,1.0,1.0
oracle,true_win_prob,test,0.8035061080819932,0.785220658038869,0.8258775684931506,0.8634888665100146,0.8442645369509326,0.7890575746360721,0.8822654555310162,0.922191082309716,0.1344373656710631,0.4164959246887991,3925,1627,1220,7717,0.5,,2,1.0,1.0
base,dummy_prior,test,0.6154427942794279,0.5,0.6154427942794279,1.0,0.7619493509257289,0.3809746754628644,0.5,0.6154427942794279,0.2367662968636293,0.6664495608926632,0,5593,0,8951,0.5,0.3,3,1.0,1.0
base,logistic_regression,test,0.6349009900990099,0.6355717042044452,0.7368900455432661,0.6326667411462407,0.6808126953594614,0.6271875876411828,0.6876452708743072,0.7637533397281603,0.2157877336550715,0.6213299403484015,3571,2022,3288,5663,0.56,0.3,3,1.0,1.0
base,random_forest,test,0.6434955995599559,0.6264224917819953,0.7146602827177383,0.7003686738911853,0.7074423066072335,0.625608526818795,0.6829690775470392,0.7632748115168031,0.2129430810726469,0.6141995650979609,3090,2503,2682,6269,0.59,4.9,3,1.0,1.0
base,mlp,test,0.6476210121012101,0.6301094504172478,0.7170903313663186,0.7059546419394481,0.7114789168496313,0.6294701427515265,0.6848772753930987,0.7638900992308231,0.2136611618026401,0.6159625773658701,3100,2493,2632,6319,0.56,3.2,3,1.0,1.0
base,tabnet,test,0.6474147414741475,0.6276613022929954,0.7136948015651202,0.7132164004021897,0.713455520786768,0.6276355516728693,0.6789675049666976,0.7528631440001861,0.2147872743756544,0.6188187738809047,3032,2561,2567,6384,0.57,121.4,3,1.0,1.0
extended,dummy_prior,test,0.6154427942794279,0.5,0.6154427942794279,1.0,0.7619493509257289,0.3809746754628644,0.5,0.6154427942794279,0.2367662968636293,0.6664495608926632,0,5593,0,8951,0.5,0.1,3,1.0,1.0
extended,logistic_regression,test,0.7485561056105611,0.7613449233298171,0.8604302832244008,0.7059546419394481,0.775575329855784,0.7448579377333324,0.8356115021044608,0.8898114119187823,0.1620281078996353,0.4942866996341915,4568,1025,2632,6319,0.6,0.6,3,1.0,1.0
extended,random_forest,test,0.7711771177117712,0.7665759482018466,0.8324464940286154,0.7865043011953972,0.8088235294117647,0.7619460112812249,0.848114083105342,0.8966811163555917,0.1572058001035836,0.4806461279260169,4176,1417,1911,7040,0.59,6.9,3,1.0,1.0
extended,mlp,test,0.7846534653465347,0.7857412018306634,0.8564253338233493,0.7810300525080996,0.8169919364263176,0.7777126042579225,0.8671768058062428,0.9109269058511574,0.1435577119482869,0.4447583769810322,4421,1172,1960,6991,0.6,3.2,3,1.0,1.0
extended,tabnet,test,0.7907040704070407,0.7842175998322751,0.8420382165605096,0.8123114735783711,0.8269077675423633,0.7811290706951949,0.8685554802481348,0.9083342349195922,0.1417865238678487,0.4393320364235292,4229,1364,1680,7271,0.55,75.5,3,1.0,1.0
oracle,true_win_prob,test,0.8062431243124313,0.7892623491990872,0.8292709116289059,0.8628086247346665,0.8457074025405169,0.7926800131697411,0.8834662197146501,0.9216676417340816,0.1335298501640517,0.4151426315051533,4003,1590,1228,7723,0.5,,3,1.0,1.0
base,dummy_prior,test,0.6133676450132146,0.5,0.6133676450132146,1.0,0.7603569427081088,0.3801784713540544,0.5,0.6133676450132146,0.2372686743174381,0.6674746026948686,0,5559,0,8819,0.5,0.3,4,1.0,1.0
base,logistic_regression,test,0.6339546529419947,0.6333843115918771,0.7321148825065275,0.6358997618777639,0.6806238242611808,0.6259680170422137,0.6799982808708266,0.7545303974182296,0.2160616921556381,0.6216030124645999,3507,2052,3211,5608,0.57,0.4,4,1.0,1.0
base,random_forest,test,0.6424398386423703,0.6186564454768739,0.702443857331572,0.7235514230638395,0.7128414232251578,0.619573756853526,0.6705378281748342,0.7474450269699007,0.2171503993947858,0.6243809600222755,2856,2703,2438,6381,0.57,5.0,4,1.0,1.0
base,mlp,test,0.6242175545973014,0.6275083084954047,0.7309356408869659,0.6129946705975734,0.6667900092506938,0.6179815607213519,0.6775806381832582,0.7539595900858613,0.2160239917819105,0.6212708383563245,3569,1990,3413,5406,0.59,2.4,4,1.0,1.0
base,tabnet,test,0.6349979134789261,0.6230632642187515,0.7139091889301545,0.6757001927656197,0.694279389490854,0.6207376239947799,0.6744318862479886,0.7482399518527345,0.216264574472891,0.6224570750679078,3171,2388,2860,5959,0.59,94.4,4,1.0,1.0
extended,dummy_prior,test,0.6133676450132146,0.5,0.6133676450132146,1.0,0.7603569427081088,0.3801784713540544,0.5,0.6133676450132146,0.2372686743174381,0.6674746026948686,0,5559,0,8819,0.5,0.2,4,1.0,1.0
extended,logistic_regression,test,0.7488524134093755,0.7568030998012212,0.8461845253921829,0.7217371584079828,0.7790220916712564,0.744082129202523,0.8294963687883735,0.8868192270686377,0.1644939581549357,0.500061480463111,4402,1157,2454,6365,0.6,0.5,4,1.0,1.0
extended,random_forest,test,0.7647099735707331,0.7623153279845734,0.8316251830161054,0.7728767433949427,0.8011754334410814,0.7565199201103712,0.843659969712077,0.8952803985579514,0.1602922489169495,0.4882205339367312,4179,1380,2003,6816,0.6,6.8,4,1.0,1.0
extended,mlp,test,0.7840450688551954,0.7775447767570636,0.8358805549024219,0.806213856446309,0.8207792207792208,0.7745747210535943,0.863421836869124,0.9086038729829028,0.1483103907590744,0.4550982675668002,4163,1396,1709,7110,0.48,3.0,4,1.0,1.0
extended,tabnet,test,0.7878008067881486,0.7871562957873931,0.8531716874846926,0.7899988660845901,0.8203709155136886,0.7805872927751095,0.8677055954982477,0.9121093147565272,0.144738612551117,0.445619493154623,4360,1199,1852,6967,0.52,88.6,4,1.0,1.0
oracle,true_win_prob,test,0.7999026290165531,0.780895854775278,0.8191192266380236,0.8647238915976868,0.8413039880853881,0.7852892387966227,0.8782900808551652,0.9196458288600112,0.1375778497192633,0.4244730734324172,3875,1684,1193,7626,0.5,,4,1.0,1.0
base,dummy_prior,test,0.6197280799112098,0.5,0.6197280799112098,1.0,0.7652248394004283,0.3826124197002141,0.5,0.6197280799112098,0.2356705051169565,0.6642083888985174,0,5482,0,8934,0.5,0.3,5,1.0,1.0
base,logistic_regression,test,0.6520532741398446,0.6428003747453763,0.737224509566481,0.6814416834564585,0.708236389018148,0.6386542769833008,0.6877104849401509,0.7643001539147216,0.2140023979271899,0.6173775587590433,3312,2170,2846,6088,0.55,0.3,5,1.0,1.0
base,random_forest,test,0.6476831298557159,0.6372305047505943,0.7319215497533389,0.6808820237295724,0.7054798492316614,0.6335718914752422,0.6810501054104088,0.7617354419596696,0.2137363987735525,0.616517667805894,3254,2228,2851,6083,0.59,5.0,5,1.0,1.0
base,mlp,test,0.6265260821309656,0.6401428792293921,0.7582945285215367,0.5832773673606447,0.6593698595470074,0.623021333888351,0.6845790448207197,0.76295639223724,0.2141912356220938,0.6176533388353797,3821,1661,3723,5211,0.61,2.5,5,1.0,1.0
base,tabnet,test,0.631243063263041,0.6239665692233949,0.7240525142432499,0.6543541526751735,0.6874412041392286,0.6189235790655547,0.6571934099893605,0.7299936254024042,0.2204906028444687,0.6319544639821606,3254,2228,3088,5846,0.64,83.7,5,1.0,1.0
extended,dummy_prior,test,0.6197280799112098,0.5,0.6197280799112098,1.0,0.7652248394004283,0.3826124197002141,0.5,0.6197280799112098,0.2356705051169565,0.6642083888985174,0,5482,0,8934,0.5,0.2,5,1.0,1.0
extended,logistic_regression,test,0.7545782463928968,0.7557201471049564,0.8363251059586138,0.7509514215357063,0.7913422977117245,0.7467152714560643,0.8306847605207658,0.8891742280190553,0.1637140742651412,0.4979265541274486,4169,1313,2225,6709,0.56,0.3,5,1.0,1.0
extended,random_forest,test,0.771711986681465,0.7645041913021079,0.8298071303331385,0.7946048802328185,0.8118245754474241,0.7608448452481765,0.8464687778477165,0.8971481583181878,0.1579357464778497,0.4832989786303951,4026,1456,1835,7099,0.58,6.8,5,1.0,1.0
extended,mlp,test,0.779758601553829,0.7786084331430613,0.849496298094429,0.7834116856950973,0.8151167530425668,0.771397470783227,0.8604505622201548,0.9062471644671816,0.1467732005530639,0.4542669397636049,4242,1240,1935,6999,0.58,3.1,5,1.0,1.0
extended,tabnet,test,0.793215871254162,0.7818536428355756,0.8357586012408348,0.8293037832997537,0.8325186808247654,0.7811646245599401,0.866726285434873,0.9109812421769756,0.1437196194278513,0.4438571767422439,4026,1456,1525,7409,0.47,78.6,5,1.0,1.0
oracle,true_win_prob,test,0.8050083240843507,0.7842490518045219,0.8243457993431508,0.8709424669800762,0.8470037555108039,0.7891200056835022,0.877675473640374,0.9193304575256,0.1366538065040585,0.4231914587195061,3824,1658,1153,7781,0.5,,5,1.0,1.0
