feature_set,model,selected,validation_accuracy,validation_balanced_accuracy,validation_precision,validation_recall,validation_f1,validation_macro_f1,validation_roc_auc,validation_average_precision,validation_brier,validation_log_loss,validation_tn,validation_fp,validation_fn,validation_tp,validation_threshold,test_accuracy,test_balanced_accuracy,test_precision,test_recall,test_f1,test_macro_f1,test_roc_auc,test_average_precision,test_brier,test_log_loss,test_tn,test_fp,test_fn,test_tp,test_threshold
raw,dummy_prior,False,0.6072041166380789,0.5,0.6072041166380789,1.0,0.7556029882604055,0.37780149413020275,0.5,0.6072041166380789,0.2400425408222011,0.6732894380421813,0,229,0,354,0.5,0.6002939015429831,0.5,0.6002939015429831,1.0,0.7502295684113865,0.3751147842056933,0.5,0.6002939015429831,0.2420656659811351,0.6774576338504449,0,544,0,817,0.5
raw,logistic_regression,False,0.5608919382504288,0.5505267313053561,0.6503067484662577,0.5988700564971752,0.6235294117647059,0.5483902202856451,0.5630412256679742,0.6452757738350006,0.25136748462327685,0.6960638645780054,115,114,142,212,0.48,0.4371785451873622,0.5051063341493268,0.6153846153846154,0.1664626682986536,0.26204238921001927,0.4035865152700928,0.5238036845705235,0.6138221947236286,0.2793978298703591,0.7541439448200248,459,85,681,136,0.48
raw,random_forest,False,0.5506003430531733,0.5459070387092,0.6483870967741936,0.5677966101694916,0.6054216867469879,0.5417546680746892,0.5379505588039375,0.6459018028318729,0.24286293848670173,0.678622994815246,120,109,153,201,0.54,0.5900073475385745,0.49573178414572683,0.5981804397270659,0.9657282741738066,0.7387640449438202,0.3932728074548453,0.5194465944272445,0.6168542084167605,0.2507704377322593,0.6990407169731296,14,530,28,789,0.54
raw,mlp,False,0.5523156089193825,0.5334418868576222,0.6340057636887608,0.6214689265536724,0.6276747503566333,0.5331922138879941,0.5286186564034243,0.619640059529942,0.29111874302756885,0.8160688472062413,102,127,134,220,0.46,0.4849375459221161,0.49298230614155086,0.592948717948718,0.4528763769889841,0.5135322692574601,0.4831517708504318,0.4954471614227086,0.5878766078908781,0.3314390984564956,0.9352665341370703,290,254,447,370,0.46
raw,tabnet,False,0.5180102915951973,0.5198418572521155,0.6262975778546713,0.5112994350282486,0.5629860031104199,0.5128505541364718,0.5355697826462389,0.6226231165415429,0.2383747033881198,0.669733381179749,121,108,173,181,0.58,0.5113886847905952,0.5030363507091944,0.6029810298102981,0.5446756425948592,0.572347266881029,0.5012550387532823,0.4893260853913169,0.6050462663663119,0.24097362240334658,0.6749911094645498,251,293,372,445,0.58
raw,catboost,False,0.516295025728988,0.5431006833937779,0.6607142857142857,0.4180790960451977,0.5121107266435986,0.5162594449544524,0.5445501196555893,0.6668373021957571,0.2386159573437814,0.6702006657852714,153,76,206,148,0.58,0.6017634092578986,0.5067521959824322,0.6036171816126601,0.9804161566707467,0.7472014925373134,0.4047426147807674,0.5423604111167111,0.6380760622336495,0.24285343804622464,0.6793343591327373,18,526,16,801,0.58
history,dummy_prior,False,0.6072041166380789,0.5,0.6072041166380789,1.0,0.7556029882604055,0.37780149413020275,0.5,0.6072041166380789,0.2400425408222011,0.6732894380421813,0,229,0,354,0.5,0.6002939015429831,0.5,0.6002939015429831,1.0,0.7502295684113865,0.3751147842056933,0.5,0.6002939015429831,0.2420656659811351,0.6774576338504449,0,544,0,817,0.5
history,logistic_regression,True,0.5626072041166381,0.5611908815039597,0.6633663366336634,0.5677966101694916,0.6118721461187214,0.5554449139238008,0.5691967039202626,0.6534716911798653,0.2754868515380104,0.7455478014170506,127,102,153,201,0.41,0.426157237325496,0.5020688584491324,0.608433734939759,0.12362301101591187,0.20549338758901323,0.3781923522188885,0.5167949906400748,0.6095395491240563,0.31799934274939784,0.8404537765552399,479,65,716,101,0.41
history,random_forest,False,0.4974271012006861,0.5183122394098636,0.6286919831223629,0.4209039548022599,0.5042301184433164,0.49733245052600605,0.4957257049811265,0.6097943219530589,0.2572626936177393,0.7078522887486609,141,88,205,149,0.49,0.5011021307861866,0.4895544585643315,0.5912698412698413,0.5471236230110159,0.5683407501589319,0.4886960495790308,0.4803970318237454,0.5895129450248394,0.2536710106337866,0.7005405681739852,235,309,370,447,0.49
history,mlp,False,0.5574614065180102,0.5345952680531912,0.6340782122905028,0.6412429378531074,0.6376404494382022,0.5346792555561055,0.5352490563244763,0.6331349128596792,0.26553183886427917,0.7284243258979731,98,131,127,227,0.43,0.5157972079353417,0.5183789779681762,0.6182634730538922,0.5055079559363526,0.5562289562289562,0.5117442275081725,0.4991337569299446,0.5984107420041496,0.28633509092566634,0.7749426051861197,289,255,404,413,0.43
history,tabnet,False,0.5523156089193825,0.5249611427725557,0.6260162601626016,0.652542372881356,0.6390041493775933,0.524919681912273,0.5038918905583105,0.6072749968360258,0.2406455011367949,0.6744165053311384,91,138,123,231,0.56,0.5253490080822925,0.4983867629058968,0.5990730011587485,0.6328029375764994,0.6154761904761905,0.4977572890960607,0.5023737310101519,0.6083871684879155,0.24111507300018803,0.6752756583348927,198,346,300,517,0.56
history,catboost,False,0.5351629502572899,0.5424468951224928,0.6498194945848376,0.5084745762711864,0.5705229793977813,0.5319904616615074,0.5234932030691042,0.6311962711419006,0.24424926072799805,0.6816091683993833,132,97,174,180,0.53,0.5260837619397501,0.4943919198646411,0.5961968680089486,0.6523867809057528,0.6230274693161894,0.492522636735246,0.4987760097919217,0.599908902009437,0.2443263135639342,0.6817694606524678,183,361,284,533,0.53
