,closed_missing_fraction,engaging_missing_fraction
product,0.0,0.0
series,0.0,0.0
sector,0.0,0.6847073631214601
office_location,0.0,0.6847073631214601
regional_office,0.0,0.0
manager,0.0,0.0
sales_agent,0.0,0.0
sales_price,0.0,0.0
revenue,0.0,0.6847073631214601
employees,0.0,0.6847073631214601
revenue_per_employee,0.0,0.6847073631214601
year_established,0.0,0.6847073631214601
account_age_at_engage,0.0,0.6847073631214601
engage_year,0.0,0.0
engage_month,0.0,0.0
engage_quarter,0.0,0.0
engage_dayofweek,0.0,0.0
is_subsidiary,0.0,0.6847073631214601
