row,spearman,top_overlap,top_shap_feature,top_feature_same_sign
5350,0.7541595218933752,0.6666666666666666,engage_quarter,True
5351,0.6878710047374701,0.6666666666666666,engage_quarter,True
5352,0.15628599334838966,0.6666666666666666,engage_quarter,True
5353,0.5007530807285139,1.0,engage_quarter,True
5354,0.40848070821311133,0.3333333333333333,engage_quarter,True
5355,0.6327885947110851,1.0,engage_quarter,True
5356,0.5656682212470175,0.6666666666666666,engage_quarter,True
5357,0.6086158201737676,1.0,engage_quarter,True
5358,0.5613140724918686,0.3333333333333333,engage_quarter,True
5359,0.7790561223410245,0.3333333333333333,engage_quarter,True
5360,0.4348515878554203,0.6666666666666666,engage_quarter,True
5361,0.4393806784674177,0.6666666666666666,engage_quarter,True
5362,0.7263446144042719,0.6666666666666666,sales_agent,True
5363,0.6830402638976028,0.3333333333333333,engage_quarter,True
5364,0.9470861035864674,0.6666666666666666,engage_quarter,True
5365,0.512961174861483,0.3333333333333333,engage_quarter,True
5366,0.8791327005140396,0.6666666666666666,engage_quarter,True
5367,0.5404637013843857,0.3333333333333333,engage_quarter,True
5368,0.8425401226049813,0.6666666666666666,engage_quarter,True
5369,0.8278119648843375,0.6666666666666666,engage_quarter,True
5370,0.6225573092318608,0.6666666666666666,engage_quarter,True
5371,0.853533758171156,0.3333333333333333,engage_quarter,True
5372,0.6708602843730196,0.6666666666666666,engage_quarter,True
5373,0.7162351779190778,0.6666666666666666,engage_quarter,True
5374,0.6763576454944712,0.6666666666666666,engage_quarter,True
5375,0.8997843559045684,0.3333333333333333,engage_quarter,True
5376,0.8179955448014458,0.6666666666666666,engage_quarter,True
5377,0.653250773993808,0.6666666666666666,engage_quarter,True
5378,0.8707459852740431,0.3333333333333333,engage_quarter,True
5379,0.6815444372543982,0.3333333333333333,engage_quarter,True
5380,0.8189028077025955,1.0,engage_quarter,True
5381,0.810832276889522,0.6666666666666666,engage_quarter,True
5382,0.7599814127558446,0.6666666666666666,engage_quarter,True
5383,0.7966912143247759,0.6666666666666666,engage_quarter,True
5384,0.8415473175043746,0.6666666666666666,engage_quarter,True
5385,0.8057855539376627,1.0,engage_quarter,True
5386,0.8531559095590301,0.3333333333333333,engage_quarter,True
5387,0.7372663611841299,0.6666666666666666,engage_quarter,True
5388,0.7320599839790831,0.6666666666666666,engage_quarter,True
5389,0.7770897832817338,0.6666666666666666,engage_quarter,True
5390,0.7810643628386327,0.6666666666666666,engage_quarter,True
5391,0.8999446530437116,0.6666666666666666,engage_quarter,True
5392,0.8057855539376627,0.3333333333333333,engage_quarter,True
5393,0.5592406508776807,1.0,engage_quarter,True
5394,0.8707459852740431,0.6666666666666666,engage_quarter,True
5395,0.6257099439934054,0.6666666666666666,engage_quarter,True
5396,0.806401759503052,0.6666666666666666,engage_quarter,True
5397,0.8278119648843375,0.3333333333333333,engage_quarter,True
5398,0.6369380281190266,0.6666666666666666,engage_quarter,True
5399,0.8955797561106217,0.0,engage_quarter,True
5400,0.686731229014325,1.0,engage_quarter,True
5401,0.716410169920081,0.3333333333333333,engage_quarter,True
5402,0.41322336099367313,0.6666666666666666,engage_quarter,True
5403,0.7101533125408662,0.3333333333333333,engage_quarter,True
5404,0.8766590570378622,0.6666666666666666,engage_quarter,True
5405,0.7656518112762142,0.6666666666666666,engage_quarter,True
5406,0.8076542610492151,0.6666666666666666,engage_quarter,True
5407,0.8784302537479808,0.6666666666666666,engage_quarter,True
5408,0.7799590938755582,0.6666666666666666,engage_quarter,True
5409,0.8347298997094648,0.6666666666666666,engage_quarter,True
5410,0.7711594247440157,0.3333333333333333,engage_quarter,True
5411,0.5336833412817198,0.6666666666666666,engage_quarter,True
5412,0.8430938280630818,0.6666666666666666,engage_quarter,True
5413,0.7396365049655796,0.6666666666666666,engage_quarter,True
