protocol,model,runs,train_rows,test_rows,roc_auc_mean,roc_auc_sd,auc_ci_low_mean,auc_ci_high_mean,delta_vs_asof
asof_purged,logistic_regression,1,2975.0,1361.0,0.5238059345525236,,0.49231637131241124,0.5560546631017967,0.0
asof_purged,random_forest,1,2975.0,1361.0,0.5180167308661531,,0.4868320556665138,0.5496964488099786,0.0
asof_purged,mlp,1,2975.0,1361.0,0.4954471614227086,,0.46247663490246654,0.5260960892163938,0.0
asof_purged,tabnet,1,2975.0,1361.0,0.5068309453524372,,0.4789592452883531,0.5376095255532799,0.0
chronological_no_purge,logistic_regression,1,4023.0,1361.0,0.5294016397868817,,0.496883202967056,0.5623372689927686,0.00559570523435815
chronological_no_purge,random_forest,1,4023.0,1361.0,0.5051153340773273,,0.4735926714598187,0.5373331038847147,-0.012901396788825736
chronological_no_purge,mlp,1,4023.0,1361.0,0.4753728220174238,,0.44261840211994397,0.5065811313266062,-0.020074339405284802
chronological_no_purge,tabnet,1,4023.0,1361.0,0.47789955180358556,,0.44544226232856565,0.5103497874814078,-0.028931393548851658
random_stratified,logistic_regression,5,4026.0,1343.0,0.5455715170573662,0.009253365722810993,0.514162782808685,0.5766424543683698,0.021765582504842618
random_stratified,random_forest,5,4026.0,1343.0,0.5335129597865447,0.009511507111460801,0.5012669958544484,0.5662734331530707,0.015496228920391597
random_stratified,mlp,5,4026.0,1343.0,0.5310972936916334,0.008663084723230907,0.4995479688259337,0.562582426689054,0.03565013226892477
random_stratified,tabnet,5,4026.0,1343.0,0.506064417762531,0.020534762450344725,0.4736040769906637,0.5387418516393726,-0.0007665275899062518
