protocol,seed,model,train_rows,validation_rows,test_rows,test_win_rate,roc_auc,auc_ci_low,auc_ci_high,average_precision,brier,paired_delta_ci_low,paired_delta_ci_high
asof_purged,42,logistic_regression,2975,583,1361,0.6002939015429831,0.5238036845705235,0.49231637131241124,0.5560546349770218,0.6138221947236286,0.2793978298703591,,
asof_purged,42,random_forest,2975,583,1361,0.6002939015429831,0.5194465944272445,0.48953509004844675,0.5501763119651268,0.6168542084167605,0.2507704377322593,,
asof_purged,42,mlp,2975,583,1361,0.6002939015429831,0.4954471614227086,0.4624722104248953,0.5260983374014443,0.5878766078908781,0.3314390984564956,,
asof_purged,42,tabnet,2975,583,1361,0.6002939015429831,0.4893260853913169,0.46004050733693064,0.5200062621087588,0.6050462663663119,0.24097362240334658,,
asof_purged,42,catboost,2975,583,1361,0.6002939015429831,0.5423604111167111,0.5111660154748179,0.5748984848313982,0.6380760622336495,0.24285343804622464,,
chronological_no_purge,42,logistic_regression,4023,1327,1361,0.6002939015429831,0.5294016397868817,0.496883202967056,0.5623372689927686,0.6050888854117678,0.2512206675139309,-0.0133296687615379,0.024319284785303354
chronological_no_purge,42,random_forest,4023,1327,1361,0.6002939015429831,0.5077995626034992,0.47625335632095583,0.5401501267561536,0.6111868870681081,0.2548602664791926,-0.026832347330823687,0.004109271545506039
chronological_no_purge,42,mlp,4023,1327,1361,0.6002939015429831,0.4753728220174238,0.442618374063094,0.5065800266959947,0.5741289958820649,0.2639221234460451,-0.04356314360448724,0.0021691189094916537
chronological_no_purge,42,tabnet,4023,1327,1361,0.6002939015429831,0.5150220048239614,0.48365816458349636,0.5486908464645442,0.6255689619422709,0.24360318295774472,-0.01868842322202372,0.07128901334187181
chronological_no_purge,42,catboost,4023,1327,1361,0.6002939015429831,0.5381968194254446,0.5110824234511754,0.5669511999177853,0.6467326739109797,0.24221714436260522,-0.02568074745047331,0.017185133459728576
random_stratified,0,logistic_regression,4026,1342,1343,0.6314221891288161,0.5553590146750524,0.5225514813788272,0.5862708337507953,0.6901365510413263,0.23046738778481266,,
random_stratified,0,random_forest,4026,1342,1343,0.6314221891288161,0.5377394225271583,0.5038107001669982,0.5677605348372179,0.6705179566275291,0.23356235563586134,,
random_stratified,0,mlp,4026,1342,1343,0.6314221891288161,0.5247153135124834,0.4940964745044969,0.556941559552144,0.6681612269093621,0.23249498880888086,,
random_stratified,0,tabnet,4026,1342,1343,0.6314221891288161,0.5033006956356013,0.47175844416798285,0.5360236423520155,0.6364938760744967,0.2343397649219857,,
random_stratified,0,catboost,4026,1342,1343,0.6314221891288161,0.5719947112635793,0.5410378344312228,0.6028325230630529,0.7105102246695115,0.23310452334773374,,
random_stratified,1,logistic_regression,4026,1342,1343,0.6314221891288161,0.5394475414522584,0.5080094192668728,0.5736402424309508,0.669389734470408,0.23286157486003783,,
random_stratified,1,random_forest,4026,1342,1343,0.6314221891288161,0.5451698589670287,0.5153573499394309,0.5778017267639791,0.6711352550723202,0.23314387538415765,,
random_stratified,1,mlp,4026,1342,1343,0.6314221891288161,0.5206129693157995,0.48940386258859886,0.5505275488346493,0.6636524141612462,0.23530531128707421,,
random_stratified,1,tabnet,4026,1342,1343,0.6314221891288161,0.510270154373928,0.47926551603448975,0.5430031961828163,0.6561214318171358,0.23370939291624887,,
random_stratified,1,catboost,4026,1342,1343,0.6314221891288161,0.5340944825614636,0.502685225885108,0.5653093426578584,0.6629813318701665,0.2320577483860744,,
random_stratified,2,logistic_regression,4026,1342,1343,0.6314221891288161,0.5559974747474747,0.5245812377296379,0.5849664336915223,0.6854305555178278,0.23046807193692317,,
random_stratified,2,random_forest,4026,1342,1343,0.6314221891288161,0.5377179817038308,0.5074730084752608,0.5702111942681296,0.6685887425354758,0.23377604257326587,,
random_stratified,2,mlp,4026,1342,1343,0.6314221891288161,0.5402527634838956,0.5089789717107764,0.5741027448947682,0.6885517163221095,0.23072637371380747,,
random_stratified,2,tabnet,4026,1342,1343,0.6314221891288161,0.4960941966838194,0.4648782964171319,0.5288187155728715,0.6398830669922997,0.2328744855997767,,
random_stratified,2,catboost,4026,1342,1343,0.6314221891288161,0.5763614922813036,0.5456609481111391,0.6058350650284519,0.7037621318451984,0.22937344462666243,,
random_stratified,3,logistic_regression,4026,1342,1343,0.6314221891288161,0.5393141318848866,0.5097749226471608,0.5691067812099264,0.6599958068245937,0.23288292388602433,,
random_stratified,3,random_forest,4026,1342,1343,0.6314221891288161,0.5242745854774157,0.4937382517847584,0.5567352422432839,0.6583189402147702,0.23489705885899678,,
random_stratified,3,mlp,4026,1342,1343,0.6314221891288161,0.5391962073565848,0.5074252784719284,0.568924488967228,0.6667576019060153,0.2333158775192404,,
random_stratified,3,tabnet,4026,1342,1343,0.6314221891288161,0.5098794549266247,0.47803003957724693,0.541208236035919,0.6358348403707788,0.23304695191951647,,
random_stratified,3,catboost,4026,1342,1343,0.6314221891288161,0.5859741280731847,0.5568884002706547,0.6147336632696301,0.702592745765404,0.23019584329528409,,
random_stratified,4,logistic_regression,4026,1342,1343,0.6314221891288161,0.5377382313703069,0.5058956856526415,0.569227980758654,0.6666813622338839,0.23439539893339287,,
random_stratified,4,random_forest,4026,1342,1343,0.6314221891288161,0.5238493424814179,0.4904006340791013,0.5589896931794298,0.6523019702633529,0.23657056054972084,,
random_stratified,4,mlp,4026,1342,1343,0.6314221891288161,0.5307104059462551,0.4978352568538681,0.5624158795344545,0.6595125531587751,0.23269838902274007,,
random_stratified,4,tabnet,4026,1342,1343,0.6314221891288161,0.47811963979416805,0.44872054736027467,0.5082477740074419,0.6249138248728816,0.23534980910084333,,
random_stratified,4,catboost,4026,1342,1343,0.6314221891288161,0.520527206022489,0.48973674851577015,0.5517000373260947,0.6623022597419709,0.23216705817203376,,
