experiment,model,validation_accuracy,validation_balanced_accuracy,validation_precision,validation_recall,validation_f1,validation_macro_f1,validation_roc_auc,validation_average_precision,validation_brier,validation_log_loss,validation_tn,validation_fp,validation_fn,validation_tp,validation_threshold,test_accuracy,test_balanced_accuracy,test_precision,test_recall,test_f1,test_macro_f1,test_roc_auc,test_average_precision,test_brier,test_log_loss,test_tn,test_fp,test_fn,test_tp,test_threshold
raw,dummy_prior,0.6072041166380789,0.5,0.6072041166380789,1.0,0.7556029882604055,0.3778014941302027,0.5,0.6072041166380789,0.2400425408222011,0.6732894380421813,0,229,0,354,0.5,0.6002939015429831,0.5,0.6002939015429831,1.0,0.7502295684113865,0.3751147842056933,0.5,0.6002939015429831,0.2420656659811351,0.6774576338504449,0,544,0,817,0.5
raw,logistic_regression,0.5608919382504288,0.5505267313053561,0.6503067484662577,0.5988700564971752,0.6235294117647059,0.5483902202856451,0.5630412256679742,0.6452757738350006,0.2513674846232994,0.6960638645780514,115,114,142,212,0.48,0.4371785451873622,0.5051063341493268,0.6153846153846154,0.1664626682986536,0.2620423892100192,0.4035865152700928,0.5238036845705235,0.6138221947236286,0.2793978298704138,0.7541439448201421,459,85,681,136,0.48
raw,random_forest,0.5506003430531733,0.5459070387092,0.6483870967741936,0.5677966101694916,0.6054216867469879,0.5417546680746892,0.5379505588039375,0.6459018028318729,0.2428629384867017,0.678622994815246,120,109,153,201,0.54,0.5900073475385745,0.4957317841457268,0.5981804397270659,0.9657282741738066,0.7387640449438202,0.3932728074548453,0.5194465944272445,0.6168542084167605,0.2507704377322593,0.6990407169731296,14,530,28,789,0.54
raw,mlp,0.5523156089193825,0.5334418868576222,0.6340057636887608,0.6214689265536724,0.6276747503566333,0.5331922138879941,0.5286001529617842,0.6196113881741022,0.2911187438502866,0.816068844000156,102,127,134,220,0.46,0.4849375459221161,0.4929823061415508,0.592948717948718,0.4528763769889841,0.5135322692574601,0.4831517708504318,0.4954460364317085,0.5878766251922415,0.3314390977320506,0.9352665347590434,290,254,447,370,0.46
raw,tabnet,0.5763293310463122,0.5300865961068759,0.6270783847980997,0.7457627118644068,0.6812903225806451,0.5247883837967164,0.5204833098956406,0.624562175424086,0.2385672588147565,0.6702186469344449,72,157,90,264,0.59,0.5326965466568699,0.4805511555907553,0.5879494655004859,0.7405140758873929,0.6554712892741061,0.4647219460069161,0.4923714360285117,0.618111319743726,0.2396934467798518,0.6722561373627375,120,424,212,605,0.59
raw,catboost,0.516295025728988,0.5431006833937779,0.6607142857142857,0.4180790960451977,0.5121107266435986,0.5162594449544524,0.5445501196555893,0.6668373021957571,0.2386159573437814,0.6702006657852714,153,76,206,148,0.58,0.6017634092578986,0.5067521959824322,0.6036171816126601,0.9804161566707468,0.7472014925373134,0.4047426147807674,0.5423604111167111,0.6380760622336495,0.2428534380462246,0.6793343591327373,18,526,16,801,0.58
history,dummy_prior,0.6072041166380789,0.5,0.6072041166380789,1.0,0.7556029882604055,0.3778014941302027,0.5,0.6072041166380789,0.2400425408222011,0.6732894380421813,0,229,0,354,0.5,0.6002939015429831,0.5,0.6002939015429831,1.0,0.7502295684113865,0.3751147842056933,0.5,0.6002939015429831,0.2420656659811351,0.6774576338504449,0,544,0,817,0.5
history,logistic_regression,0.5626072041166381,0.5611908815039597,0.6633663366336634,0.5677966101694916,0.6118721461187214,0.5554449139238008,0.5691967039202626,0.6534716911798653,0.2754868515484065,0.7455478014403236,127,102,153,201,0.41,0.426157237325496,0.5020688584491324,0.608433734939759,0.1236230110159118,0.2054933875890132,0.3781923522188885,0.5167949906400748,0.6095395491240563,0.3179993428837416,0.8404537768811324,479,65,716,101,0.41
history,random_forest,0.4974271012006861,0.5183122394098636,0.6286919831223629,0.4209039548022599,0.5042301184433164,0.497332450526006,0.4957257049811265,0.6097943219530589,0.2572626936177393,0.7078522887486609,141,88,205,149,0.49,0.5011021307861866,0.4895544585643315,0.5912698412698413,0.5471236230110159,0.5683407501589319,0.4886960495790308,0.4803970318237454,0.5895129450248394,0.2536710106337866,0.7005405681739852,235,309,370,447,0.49
history,mlp,0.5591766723842195,0.5437174647817827,0.6430678466076696,0.615819209039548,0.6291486291486291,0.5429041242994731,0.5372104211383317,0.6361111930818897,0.2732043651230466,0.7477012714918445,108,121,136,218,0.42,0.5011021307861866,0.5107459140326878,0.6116504854368932,0.4626682986536107,0.526829268292683,0.4996228703545777,0.4986668856649147,0.5992576705839646,0.3012772636145035,0.8145294392987401,304,240,439,378,0.42
history,tabnet,0.5283018867924528,0.5321713171983322,0.6385964912280702,0.5141242937853108,0.5696400625978091,0.5239092153596256,0.5289455505390669,0.6391781483493206,0.238271691211113,0.6694494022959684,126,103,172,182,0.62,0.4878765613519471,0.4889807131542948,0.5895522388059702,0.4834761321909425,0.531271015467384,0.4834492729158782,0.4770063089495283,0.5802728281700721,0.2418377936627498,0.6769304911956241,269,275,422,395,0.62
history,catboost,0.5351629502572899,0.5424468951224928,0.6498194945848376,0.5084745762711864,0.5705229793977813,0.5319904616615074,0.5234932030691042,0.6311962711419006,0.244249260727998,0.6816091683993833,132,97,174,180,0.53,0.5260837619397501,0.4943919198646411,0.5961968680089486,0.6523867809057528,0.6230274693161894,0.492522636735246,0.4987760097919217,0.599908902009437,0.2443263135639342,0.6817694606524678,183,361,284,533,0.53
