feature,importance,absolute_importance
global_mean_cycle_days,1.410356402597284,1.410356402597284
global_win_rate,-1.2460152850176947,1.2460152850176947
engage_year,-0.6433743421139072,0.6433743421139072
office_location_Germany,0.576051870444666,0.576051870444666
sales_agent_Hayden Neloms,0.5623313999191417,0.5623313999191417
sales_agent_Lajuana Vencill,-0.5047619574578015,0.5047619574578015
office_location_China,0.5005219785534535,0.5005219785534535
product_cold_start,-0.4702198659469497,0.4702198659469497
engage_quarter,-0.44699246300368095,0.44699246300368095
office_location_Romania,-0.4321811856639043,0.4321811856639043
global_closed_count,-0.41748920014382135,0.41748920014382135
sales_agent_Jonathan Berthelot,0.34830669770752115,0.34830669770752115
agent_win_rate,-0.3329473337481941,0.3329473337481941
office_location_Japan,-0.32945292665875364,0.32945292665875364
sales_agent_Zane Levy,-0.32901957948472843,0.32901957948472843
sales_agent_Gladys Colclough,-0.3166783855140412,0.3166783855140412
global_mean_close_value,-0.3132301416450154,0.3132301416450154
sales_agent_Rosalina Dieter,-0.312755971168064,0.312755971168064
office_location_Belgium,-0.31137491868343153,0.31137491868343153
sales_agent_Versie Hillebrand,0.3039390447582899,0.3039390447582899
office_location_Brazil,-0.29053924297087863,0.29053924297087863
sales_agent_Maureen Marcano,0.2719581229301089,0.2719581229301089
sales_agent_Markita Hansen,-0.2624966957335288,0.2624966957335288
sales_agent_Kami Bicknell,0.2464198657120318,0.2464198657120318
sales_agent_Darcel Schlecht,-0.24574800808648467,0.24574800808648467
office_location_Panama,0.2047110151718479,0.2047110151718479
agent_mean_cycle_days,0.20281451027492692,0.20281451027492692
office_location_Philipines,-0.20230502471956652,0.20230502471956652
product_mean_close_value,-0.19953097581295529,0.19953097581295529
sales_agent_Marty Freudenburg,0.1955744279035805,0.1955744279035805
agent_mean_close_value,0.16779598743602794,0.16779598743602794
sales_agent_Cassey Cress,0.15798646004525865,0.15798646004525865
sales_price,0.1574582213168406,0.1574582213168406
sales_agent_James Ascencio,-0.15145187078995867,0.15145187078995867
office_location_Poland,0.13893332530406385,0.13893332530406385
sector_entertainment,0.13458761486536922,0.13458761486536922
sales_agent_Donn Cantrell,-0.13400171615790493,0.13400171615790493
sales_agent_Moses Frase,0.13202681559815607,0.13202681559815607
product_mean_cycle_days,0.1226389708809182,0.1226389708809182
office_location_Kenya,0.12185169495428964,0.12185169495428964
account_cold_start,0.11983904930625103,0.11983904930625103
product_MG Special,0.10685899676377764,0.10685899676377764
sector_telecommunications,-0.10670596570403303,0.10670596570403303
agent_cold_start,0.10563098033324363,0.10563098033324363
series_GTX,0.10349498062406806,0.10349498062406806
sales_agent_Boris Faz,-0.100355907006409,0.100355907006409
sector_retail,0.09533770518764706,0.09533770518764706
office_location_United States,0.09386411339436823,0.09386411339436823
sales_agent_Corliss Cosme,0.0890896362677828,0.0890896362677828
product_closed_count,-0.08831070001394696,0.08831070001394696
sales_agent_Anna Snelling,0.0843452558884182,0.0843452558884182
sector_employment,-0.08309561633996812,0.08309561633996812
product_MG Advanced,-0.07948532662657859,0.07948532662657859
sector_medical,0.07799327132882483,0.07799327132882483
sector_finance,-0.07769687123800699,0.07769687123800699
office_location_Italy,0.07374317856746489,0.07374317856746489
sector_marketing,0.07143878632779142,0.07143878632779142
year_established,-0.06545285330393578,0.06545285330393578
sales_agent_Garret Kinder,0.06483443993980552,0.06483443993980552
sector_services,0.06266895753113899,0.06266895753113899
regional_office_Central,0.062195986631183635,0.062195986631183635
sales_agent_Elease Gluck,0.05594295472215094,0.05594295472215094
regional_office_East,0.05391311323595629,0.05391311323595629
sales_agent_Wilburn Farren,-0.05325497764877996,0.05325497764877996
sales_agent_Reed Clapper,0.049954901670684976,0.049954901670684976
is_subsidiary,0.04840149569326778,0.04840149569326778
sales_agent_Niesha Huffines,0.046683408570412255,0.046683408570412255
account_win_rate,-0.046625924000497615,0.046625924000497615
account_age_at_engage,0.0441823880223685,0.0441823880223685
sales_agent_Daniell Hammack,0.04354927227192972,0.04354927227192972
engage_dayofweek,0.0421895043375697,0.0421895043375697
regional_office_West,0.04168612501398805,0.04168612501398805
sector_software,-0.04156167710396109,0.04156167710396109
product_GTX Basic,0.03811864835487224,0.03811864835487224
manager_Cara Losch,0.03678010241239519,0.03678010241239519
product_GTX Plus Pro,0.036426947818757396,0.036426947818757396
account_closed_count,0.034381166511259796,0.034381166511259796
sales_agent_Violet Mclelland,-0.034292986049125035,0.034292986049125035
revenue,-0.034098969877833105,0.034098969877833105
manager_Dustin Brinkmann,0.03405784605019435,0.03405784605019435
office_location_Norway,0.03267880463336287,0.03267880463336287
office_location_Korea,-0.032000832605024315,0.032000832605024315
agent_closed_count,0.03174044978587476,0.03174044978587476
sales_agent_Vicki Laflamme,-0.031162661798280367,0.031162661798280367
manager_Summer Sewald,0.02982709907257065,0.02982709907257065
sales_agent_Rosie Papadopoulos,-0.02959601009728832,0.02959601009728832
manager_Melvin Marxen,0.028138140580994293,0.028138140580994293
series_MG,0.027373670137195983,0.027373670137195983
series_GTK,0.026926574119864866,0.026926574119864866
product_GTK 500,0.026926574119864866,0.026926574119864866
account_mean_cycle_days,0.02559293868613531,0.02559293868613531
sector_technology,0.024829020026328336,0.024829020026328336
product_GTX Pro,0.019018604884385972,0.019018604884385972
sales_agent_Cecily Lampkin,0.01850868726312702,0.01850868726312702
manager_Rocco Neubert,0.017133010823557577,0.017133010823557577
product_win_rate,-0.016437102388950253,0.016437102388950253
engage_month,0.01579546821679748,0.01579546821679748
office_location_Jordan,0.013293375159174593,0.013293375159174593
manager_Celia Rouche,0.01185902594141978,0.01185902594141978
product_GTX Plus Basic,0.009930779566054124,0.009930779566054124
sales_agent_Kary Hendrixson,-0.008079439294884517,0.008079439294884517
revenue_per_employee,0.004801106336387727,0.004801106336387727
account_mean_close_value,0.00041260785125380285,0.00041260785125380285
employees,-0.00023707220404263498,0.00023707220404263498
