industry,year,growth_pct,demand_index
technolgy,2011,11.11,111.11
technolgy,2012,12.18,124.64
technolgy,2013,12.56,140.3
technolgy,2014,13.53,159.28
technolgy,2015,15.1,183.33
technolgy,2016,14.17,209.31
software,2011,7.9,107.9
software,2012,10.14,118.84
software,2013,14.98,136.64
software,2014,19.8,163.7
software,2015,23.4,202.0
software,2016,24.68,251.86
medical,2011,6.96,106.96
medical,2012,8.86,116.44
medical,2013,6.75,124.3
medical,2014,5.85,131.57
medical,2015,6.18,139.7
medical,2016,7.59,150.3
finance,2011,2.19,102.19
finance,2012,3.38,105.64
finance,2013,3.19,109.01
finance,2014,3.98,113.35
finance,2015,2.32,115.98
finance,2016,4.29,120.96
retail,2011,-2.85,97.15
retail,2012,-0.67,96.5
retail,2013,-2.33,94.25
retail,2014,-5.55,89.02
retail,2015,-4.53,84.99
retail,2016,-5.26,80.52
marketing,2011,6.5,106.5
marketing,2012,7.69,114.69
marketing,2013,5.08,120.52
marketing,2014,3.57,124.82
marketing,2015,1.81,127.08
marketing,2016,4.29,132.53
entertainment,2011,5.8,105.8
entertainment,2012,9.21,115.54
entertainment,2013,6.81,123.41
entertainment,2014,3.41,127.62
entertainment,2015,2.14,130.35
entertainment,2016,7.65,140.32
telecommunications,2011,2.99,102.99
telecommunications,2012,3.24,106.33
telecommunications,2013,1.89,108.34
telecommunications,2014,3.1,111.69
telecommunications,2015,2.04,113.97
telecommunications,2016,2.73,117.08
services,2011,4.16,104.16
services,2012,4.35,108.69
services,2013,3.6,112.6
services,2014,2.46,115.37
services,2015,1.46,117.06
services,2016,4.5,122.33
employment,2011,-3.88,96.12
employment,2012,-4.51,91.78
employment,2013,-13.49,79.4
employment,2014,-15.15,67.37
employment,2015,6.23,71.57
employment,2016,5.2,75.29
