product,year,rd_expense
GTX Basic,2016,68800.0
GTX Basic,2017,66600.0
GTX Pro,2016,541600.0
GTX Pro,2017,621200.0
MG Special,2016,42700.0
MG Special,2017,51100.0
MG Advanced,2016,288700.0
MG Advanced,2017,292700.0
GTX Plus Pro,2016,684700.0
GTX Plus Pro,2017,765000.0
GTX Plus Basic,2016,110800.0
GTX Plus Basic,2017,121600.0
GTK 500,2016,1180500.0
GTK 500,2017,1376400.0
GTX Lite,2016,109300.0
GTX Lite,2017,115200.0
GTX Ultra,2016,746800.0
GTX Ultra,2017,561100.0
MG Lite,2016,75700.0
MG Lite,2017,98000.0
MG Elite,2016,718200.0
MG Elite,2017,774000.0
GTK 250,2016,877700.0
GTK 250,2017,911600.0
GTK 1000,2016,4408000.0
GTK 1000,2017,4464400.0
GTS Starter,2016,145500.0
GTS Starter,2017,165100.0
GTS Standard,2016,224300.0
GTS Standard,2017,260000.0
GTS Enterprise,2016,1709000.0
GTS Enterprise,2017,2100800.0
