interaction_strength,features,model,roc_auc_mean,roc_auc_std,roc_auc_min,roc_auc_max,f1_mean,f1_std,f1_min,f1_max,accuracy_mean,accuracy_std,accuracy_min,accuracy_max,brier_mean,brier_std,brier_min,brier_max
1.0,base,dummy_prior,0.5,0.0,0.5,0.5,0.7629,0.0007,0.7617,0.7634,0.6167,0.0009,0.6151,0.6173,0.2364,0.0002,0.2363,0.2368
1.0,base,logistic_regression,0.7324,0.0146,0.7173,0.7563,0.7269,0.0137,0.7108,0.7456,0.6769,0.0126,0.6624,0.6954,0.2006,0.0046,0.1933,0.2057
1.0,base,mlp,0.7333,0.014,0.718,0.7556,0.7181,0.0208,0.6932,0.7465,0.6729,0.0135,0.6624,0.6938,0.2011,0.0043,0.1939,0.2051
1.0,base,random_forest,0.737,0.0149,0.722,0.7616,0.7474,0.0146,0.7273,0.7675,0.6896,0.0131,0.6766,0.7098,0.1974,0.0047,0.1892,0.2007
1.0,base,tabnet,0.7364,0.0134,0.7247,0.7587,0.7339,0.0269,0.7045,0.7694,0.6826,0.0202,0.661,0.7114,0.1987,0.0041,0.1918,0.2017
1.0,extended,dummy_prior,0.5,0.0,0.5,0.5,0.7629,0.0007,0.7617,0.7634,0.6167,0.0009,0.6151,0.6173,0.2364,0.0002,0.2363,0.2368
1.0,extended,logistic_regression,0.7609,0.0122,0.7531,0.7823,0.743,0.0235,0.7177,0.7783,0.6973,0.0167,0.6815,0.7249,0.1906,0.0046,0.1826,0.1938
1.0,extended,mlp,0.7657,0.0114,0.7575,0.7846,0.7503,0.0142,0.7333,0.772,0.7021,0.0118,0.6866,0.7197,0.1883,0.0046,0.1807,0.1921
1.0,extended,random_forest,0.7577,0.012,0.7491,0.7778,0.7598,0.0111,0.7452,0.7728,0.7047,0.0102,0.6942,0.7202,0.19,0.0047,0.182,0.1938
1.0,extended,tabnet,0.7646,0.0133,0.7543,0.7868,0.7625,0.0104,0.7479,0.7763,0.7087,0.0109,0.6965,0.7248,0.1886,0.0054,0.1794,0.1927
1.0,oracle,true_win_prob,0.7789,0.0114,0.77,0.7976,0.7943,0.0069,0.7875,0.8049,0.7258,0.0095,0.7155,0.7397,0.1823,0.0046,0.1747,0.1863
3.0,base,dummy_prior,0.5,0.0,0.5,0.5,0.7633,0.0014,0.7616,0.7645,0.6172,0.0018,0.615,0.6188,0.2363,0.0005,0.2359,0.2369
3.0,base,logistic_regression,0.8,0.0091,0.7904,0.8132,0.7894,0.0166,0.7742,0.8168,0.7396,0.0138,0.7272,0.7628,0.1741,0.0048,0.1672,0.1798
3.0,base,mlp,0.84,0.0098,0.8294,0.8517,0.8061,0.0084,0.7985,0.8184,0.7668,0.0038,0.7628,0.7729,0.1573,0.0044,0.1524,0.1623
3.0,base,random_forest,0.8472,0.0094,0.8381,0.8613,0.8245,0.0085,0.8173,0.8375,0.7817,0.0067,0.7752,0.7927,0.1507,0.0043,0.1438,0.1549
3.0,base,tabnet,0.8441,0.009,0.8361,0.8585,0.8214,0.0068,0.8149,0.8314,0.7795,0.0062,0.7736,0.7899,0.1525,0.0041,0.1459,0.1558
3.0,extended,dummy_prior,0.5,0.0,0.5,0.5,0.7633,0.0014,0.7616,0.7645,0.6172,0.0018,0.615,0.6188,0.2363,0.0005,0.2359,0.2369
3.0,extended,logistic_regression,0.8265,0.008,0.8175,0.8384,0.8056,0.0178,0.7858,0.824,0.7625,0.0146,0.7445,0.7773,0.1614,0.0041,0.155,0.1655
3.0,extended,mlp,0.873,0.0081,0.8616,0.8818,0.8422,0.0083,0.8289,0.8508,0.8033,0.0094,0.788,0.8113,0.1373,0.0048,0.1322,0.1436
3.0,extended,random_forest,0.8723,0.007,0.8622,0.8801,0.8475,0.0077,0.8344,0.8541,0.8081,0.0061,0.7986,0.8142,0.1359,0.0037,0.1319,0.1412
3.0,extended,tabnet,0.8748,0.0083,0.8637,0.8866,0.8474,0.0062,0.8369,0.8532,0.8087,0.0059,0.8005,0.8151,0.1361,0.0046,0.129,0.1404
3.0,oracle,true_win_prob,0.886,0.0072,0.8759,0.894,0.8591,0.005,0.8529,0.8647,0.8185,0.0064,0.8114,0.8239,0.1291,0.0043,0.1245,0.1347
