features,model,split,accuracy,balanced_accuracy,precision,recall,f1,macro_f1,roc_auc,average_precision,brier,log_loss,tn,fp,fn,tp,threshold,fit_seconds,seed,interaction_strength
base,dummy_prior,test,0.6172796426826715,0.5,0.6172796426826715,1.0,0.7633554845948045,0.3816777422974022,0.5,0.6172796426826715,0.2362582580063107,0.6654072790671545,0,5484,0,8845,0.5,0.3,1,1.0
base,logistic_regression,test,0.695373019750157,0.686870196210859,0.7694898941289702,0.72312040700961,0.7455848924637174,0.683026338936841,0.7562816790836924,0.8234243024407615,0.1932863080714024,0.5689927352399385,3568,1916,2449,6396,0.55,0.3,1,1.0
base,random_forest,test,0.709819247679531,0.689598612377278,0.7593227841097709,0.7758055398530244,0.7674756738619841,0.6908091064187426,0.7616273498649032,0.8271277019718473,0.1891658988322256,0.5593294011168295,3309,2175,1983,6862,0.57,5.1,1,1.0
base,mlp,test,0.6938376718542816,0.6826817126465644,0.7634751773049645,0.7302430751837197,0.7464894539150535,0.6800358834800317,0.7556004950317466,0.8256067849443756,0.1939358975640374,0.5697446888968701,3483,2001,2386,6459,0.53,2.7,1,1.0
base,tabnet,test,0.7113545955754065,0.6902879294470496,0.7589924100758992,0.7801017524024872,0.7694023193577163,0.6918266959594028,0.7586899182327621,0.8245135516260137,0.1917692251767932,0.5649110827824323,3293,2191,1945,6900,0.49,103.0,1,1.0
extended,dummy_prior,test,0.6172796426826715,0.5,0.6172796426826715,1.0,0.7633554845948045,0.3816777422974022,0.5,0.6172796426826715,0.2362582580063107,0.6654072790671545,0,5484,0,8845,0.5,0.3,1,1.0
extended,logistic_regression,test,0.7248935724753995,0.707317489513664,0.774370453273643,0.7822498586772187,0.7782902137232846,0.7079537113845324,0.7822726599895518,0.8421005026328755,0.182591329311627,0.5437950508264185,3468,2016,1926,6919,0.53,0.5,1,1.0
extended,random_forest,test,0.7202177402470514,0.7047426214252346,0.7748351898158673,0.7707179197286602,0.7727710706795896,0.7044064159571348,0.7778344030983396,0.8375807865191257,0.1820481390877272,0.5422481029124383,3503,1981,2028,6817,0.58,4.9,1,1.0
extended,mlp,test,0.7197292204620002,0.7047280149787717,0.7753449652183829,0.7686828716789147,0.7719995458158283,0.7041815910897323,0.7845992287961197,0.8477551664166547,0.1807334943899388,0.5376767868689208,3514,1970,2046,6799,0.55,2.8,1,1.0
extended,tabnet,test,0.7247539953939564,0.7097335318243235,0.7788778877887789,0.7737704918032787,0.7763157894736842,0.7093079038063143,0.7868035755591373,0.8452380012592854,0.1793860206087394,0.5356338146460732,3541,1943,2001,6844,0.57,121.5,1,1.0
oracle,true_win_prob,test,0.7396887431083816,0.6997617613333449,0.7489051094890511,0.8699830412662521,0.8049163179916318,0.7069245041415487,0.7975763091478618,0.8562557821636388,0.1747412460955908,0.5229765701322481,2904,2580,1150,7695,0.5,,1,1.0
base,dummy_prior,test,0.6173163159710245,0.5,0.6173163159710245,1.0,0.7633835259992322,0.3816917629996161,0.5,0.6173163159710245,0.2363079186807511,0.6655138662293704,0,5547,0,8948,0.5,0.3,2,1.0
base,logistic_regression,test,0.6760262159365298,0.6718150153292396,0.7627286208601087,0.6897630755476084,0.7244131455399061,0.6657212171214175,0.7338940132757509,0.806298210383358,0.2002483608146655,0.5854672881870648,3627,1920,2776,6172,0.57,0.5,2,1.0
base,random_forest,test,0.6944463608140738,0.6762508664326523,0.7518671274105451,0.7537997317836388,0.7528321892962777,0.6763889968249973,0.7377592034871834,0.8058584819778696,0.1979176235369888,0.5803052482723156,3321,2226,2203,6745,0.57,5.3,2,1.0
base,mlp,test,0.6624353225250086,0.6761213699584621,0.7896014855020711,0.6177916852928028,0.6932096056179071,0.6590041586865703,0.735655840257743,0.8080061574061516,0.202637191773535,0.5910220214771872,4074,1473,3420,5528,0.59,2.8,2,1.0
base,tabnet,test,0.6934115212142118,0.6755154715194793,0.7516201117318436,0.7517881090746535,0.7517041010168733,0.6755274922682636,0.7381950691772079,0.8074998741898634,0.1986044175475815,0.5821046746273414,3324,2223,2221,6727,0.55,128.5,2,1.0
extended,dummy_prior,test,0.6173163159710245,0.5,0.6173163159710245,1.0,0.7633835259992322,0.3816917629996161,0.5,0.6173163159710245,0.2363079186807511,0.6655138662293704,0,5547,0,8948,0.5,0.2,2,1.0
extended,logistic_regression,test,0.6872714729216971,0.6921606088306703,0.7904987498355047,0.6713232007152437,0.7260530609778207,0.6808759237220535,0.759306832522084,0.8253923765638276,0.1910216660523076,0.5639650171562707,3955,1592,2941,6007,0.61,0.5,2,1.0
extended,random_forest,test,0.7057606071058986,0.6965152967219048,0.775892541534111,0.7359186410371032,0.7553771149985661,0.6931364155693825,0.7593243807801967,0.8217339826505816,0.1900516450292016,0.5620507707249724,3645,1902,2363,6585,0.59,5.1,2,1.0
extended,mlp,test,0.7021731631597102,0.7008043045655531,0.7888958203368683,0.7066383549396513,0.7455049224783352,0.693281271416269,0.768332157539598,0.833731113757904,0.1877662940619183,0.5559968787295217,3855,1692,2625,6323,0.6,2.9,2,1.0
extended,tabnet,test,0.7138323559848223,0.7016483939133051,0.7763067004374856,0.7535762181493071,0.7647725983894749,0.6997515686558153,0.7668051770222342,0.8296794551826114,0.1884764572691448,0.5578526394863492,3604,1943,2205,6743,0.6,134.4,2,1.0
oracle,true_win_prob,test,0.7303897895826147,0.6947427916953665,0.7492088607594937,0.8466696468484578,0.7949632738719832,0.700704194841329,0.7818062681975034,0.8446060752770248,0.1816870748526514,0.5403203987559431,3011,2536,1372,7576,0.5,,2,1.0
base,dummy_prior,test,0.6170373421197144,0.5,0.6170373421197144,1.0,0.7631701829604789,0.3815850914802394,0.5,0.6170373421197144,0.2364015733264906,0.6657074588624909,0,5579,0,8989,0.5,0.3,3,1.0
base,logistic_regression,test,0.6624107633168589,0.6593308732421181,0.7538346427235316,0.6724885971743242,0.7108419567262465,0.6526670205794821,0.71728404143193,0.7816310247154982,0.2057485206448331,0.5989931852666738,3605,1974,2944,6045,0.55,0.4,3,1.0
base,random_forest,test,0.681013179571664,0.660057588459624,0.7376833807751259,0.7495828234508845,0.7435854990895547,0.6608148143772481,0.7219659303176129,0.7888541096444855,0.2006899169602275,0.5868877169225021,3183,2396,2251,6738,0.58,4.8,3,1.0
base,mlp,test,0.6631658429434377,0.6595007548510178,0.7533515392254221,0.675158527088664,0.7121149897330595,0.6531379679456795,0.7180370280291792,0.7848943550252896,0.2027269273527311,0.5915869152439257,3592,1987,2920,6069,0.59,2.6,3,1.0
base,tabnet,test,0.6609692476661175,0.6627865417394596,0.7621019932694797,0.6550228056513516,0.7045169009871373,0.6534419300845838,0.7246566081413439,0.7927342226829817,0.2017027819881655,0.5886115918831628,3741,1838,3101,5888,0.59,103.7,3,1.0
extended,dummy_prior,test,0.6170373421197144,0.5,0.6170373421197144,1.0,0.7631701829604789,0.3815850914802394,0.5,0.6170373421197144,0.2364015733264906,0.6657074588624909,0,5579,0,8989,0.5,0.1,3,1.0
extended,logistic_regression,test,0.6970071389346513,0.6870251547812984,0.7677630808849351,0.7296695961731005,0.7482318046999772,0.6839228654661554,0.753096548207902,0.8121883479982399,0.1937810123098358,0.5718314967767093,3595,1984,2430,6559,0.54,0.4,3,1.0
extended,random_forest,test,0.7062740252608457,0.6804250563678126,0.7476861590239798,0.7908554900433864,0.7686651889495594,0.6832328670567893,0.7498785384881497,0.8105035009189174,0.1918174302762613,0.5664844071319807,3180,2399,1880,7109,0.56,4.9,3,1.0
extended,mlp,test,0.7024299835255354,0.6913514179197051,0.7697658242522606,0.7386806096339971,0.7539029236446211,0.6888167512937107,0.7592107008723554,0.8202871091777979,0.1888866640278874,0.5589558204653914,3593,1986,2349,6640,0.58,2.7,3,1.0
extended,tabnet,test,0.7051757276221856,0.6828329105751545,0.7524198752419875,0.7782845700300367,0.7651337015366108,0.6846223397534653,0.7542772448315722,0.8141043459325684,0.190112756298414,0.5622863890021876,3277,2302,1993,6996,0.58,94.6,3,1.0
oracle,true_win_prob,test,0.7242586490939045,0.6808211510070732,0.7344398340248963,0.8663922572032484,0.7949777981932323,0.6870204929350318,0.7728774415109854,0.8323891766675913,0.183793294268649,0.5466425009086004,2763,2816,1201,7788,0.5,,3,1.0
base,dummy_prior,test,0.6168198273461432,0.5,0.6168198273461432,1.0,0.7630037891836031,0.3815018945918015,0.5,0.6168198273461432,0.2363863115185009,0.6656700059144651,0,5504,0,8860,0.5,0.3,4,1.0
base,logistic_regression,test,0.6690336953494849,0.664410369310725,0.7560488899975056,0.6841986455981941,0.7183315558715487,0.6585750606361963,0.7275654849007821,0.8006340460795232,0.2018302016509417,0.5883933247079511,3548,1956,2798,6062,0.57,0.4,4,1.0
base,random_forest,test,0.676552492341966,0.6696105274555095,0.7576424553680606,0.6993227990970655,0.7273154126071135,0.6649408542932915,0.7326523455955692,0.8046729857473096,0.1990270617170892,0.5815990495500327,3522,1982,2664,6196,0.59,5.0,4,1.0
base,mlp,test,0.6659008632692843,0.6688904273190194,0.7684071381361534,0.6560948081264109,0.7078234398782344,0.6588779883289408,0.7300881730996378,0.8034891497694773,0.2008717257678683,0.5858565204868331,3752,1752,3047,5813,0.59,2.5,4,1.0
base,tabnet,test,0.667989417989418,0.6681747565489002,0.7644473173884938,0.6673814898419864,0.712624284423019,0.659782017757541,0.7296424168427476,0.7998945664083312,0.2006440160885805,0.5863762025632645,3682,1822,2947,5913,0.6,188.2,4,1.0
extended,dummy_prior,test,0.6168198273461432,0.5,0.6168198273461432,1.0,0.7630037891836031,0.3815018945918015,0.5,0.6168198273461432,0.2363863115185009,0.6656700059144651,0,5504,0,8860,0.5,0.1,4,1.0
extended,logistic_regression,test,0.6814954051796157,0.6891704452989658,0.7916950306330838,0.6563205417607223,0.7176797284788645,0.6761759658125377,0.7568664201532889,0.8232471618793946,0.1923900327380016,0.5668087191095347,3974,1530,3045,5815,0.59,0.3,4,1.0
extended,random_forest,test,0.6968810916179338,0.6762823425770381,0.7492256637168142,0.7644469525959368,0.7567597765363129,0.6773270622615071,0.7522774530487165,0.8195806840054106,0.1924027032889279,0.5662950898549164,3237,2267,2087,6773,0.55,5.0,4,1.0
extended,mlp,test,0.6865775549986076,0.6829671997217701,0.7717635320528811,0.6984198645598194,0.7332622348619504,0.6766733115238022,0.7575128410612106,0.8259098480333225,0.1919330132547558,0.5643970363358105,3674,1830,2672,6188,0.56,2.3,4,1.0
extended,tabnet,test,0.696463380673907,0.6862322169142737,0.7667140825035562,0.7300225733634311,0.7479185938945421,0.6832665047849198,0.7592754622946085,0.8267263931337161,0.1920595799044736,0.5652839810299133,3536,1968,2392,6468,0.53,103.8,4,1.0
oracle,true_win_prob,test,0.7154692286271234,0.6730097380439918,0.7300684469295285,0.8547404063205417,0.7875006499246088,0.6785317888906878,0.772187680455667,0.837160557561118,0.185262456956605,0.5481478891599177,2704,2800,1287,7573,0.5,,4,1.0
base,dummy_prior,test,0.6151233712226227,0.5,0.6151233712226227,1.0,0.761704501566322,0.380852250783161,0.5,0.6151233712226227,0.2367809135996884,0.6664738147492145,0,5553,0,8875,0.5,0.3,5,1.0
base,logistic_regression,test,0.6815220404768506,0.6703496397075048,0.7523584905660378,0.7188732394366197,0.735234802650533,0.6678521635198582,0.7270365213068434,0.795974056145577,0.2019479178318825,0.5896826758078754,3453,2100,2495,6380,0.57,0.4,5,1.0
base,random_forest,test,0.6861657887441087,0.6673836094180787,0.7429305912596401,0.7489577464788733,0.7459319941645157,0.6677820202832729,0.7309502743092808,0.7970866495600881,0.2002329702094951,0.5857706386669339,3253,2300,2228,6647,0.56,4.9,5,1.0
base,mlp,test,0.678957582478514,0.6699503022094389,0.7542850293659356,0.7090704225352112,0.7309792078057846,0.6664863387370563,0.7272639126674326,0.7965792005799662,0.2051198661240537,0.5969540993718581,3503,2050,2582,6293,0.52,3.0,5,1.0
base,tabnet,test,0.6790962018297755,0.6698607579204745,0.7539787004906067,0.7099718309859155,0.731313834726091,0.6665000006390263,0.7307001164197503,0.7980731970327322,0.2009502646265635,0.5875161897739544,3497,2056,2574,6301,0.59,101.4,5,1.0
extended,dummy_prior,test,0.6151233712226227,0.5,0.6151233712226227,1.0,0.761704501566322,0.380852250783161,0.5,0.6151233712226227,0.2367809135996884,0.6664738147492145,0,5553,0,8875,0.5,0.1,5,1.0
extended,logistic_regression,test,0.6960077626836706,0.6882920081265551,0.7696743962513517,0.7218028169014085,0.7449703453889988,0.6843740043980506,0.7531561724026855,0.8155610986452897,0.1932207315602004,0.5700414661297973,3636,1917,2469,6406,0.58,0.3,5,1.0
extended,random_forest,test,0.6942057111172719,0.6844342786414145,0.7644270648181064,0.7268732394366197,0.7451773131569828,0.6814606025150709,0.7491042781087752,0.8115322073740818,0.1938411352802261,0.5710346562567936,3565,1988,2424,6451,0.58,4.9,5,1.0
extended,mlp,test,0.6995425561408373,0.6935244849250373,0.7756861792567403,0.7196619718309859,0.7466245835525163,0.6887970964072277,0.7589318196229421,0.820768480262151,0.1921471551989437,0.566978526177638,3706,1847,2488,6387,0.55,2.9,5,1.0
extended,tabnet,test,0.703285278624896,0.687129788998714,0.7596066907775768,0.7572957746478873,0.7584494724369464,0.6869585007024398,0.7556528915977406,0.8181160076339626,0.1927198396032919,0.5697157961245595,3426,2127,2154,6721,0.52,78.5,5,1.0
oracle,true_win_prob,test,0.7193651233712226,0.6794389227495352,0.7339992242048099,0.8528450704225352,0.7889716995882629,0.6851053554307018,0.7699706033789628,0.8290603607085161,0.1862565806363109,0.5526705975998775,2810,2743,1306,7569,0.5,,5,1.0
base,dummy_prior,test,0.618814990578547,0.5,0.618814990578547,1.0,0.7645283669598206,0.3822641834799103,0.5,0.618814990578547,0.2359071642355412,0.664692664283298,0,5462,0,8867,0.5,0.3,1,3.0
base,logistic_regression,test,0.7627887500872357,0.7341620712810495,0.782204789430223,0.8546295252058194,0.8168148746968472,0.740190076168576,0.8131671554458071,0.8602491664805569,0.1672363543320195,0.5068831800903126,3352,2110,1289,7578,0.48,0.4,1,3.0
base,random_forest,test,0.7927280340568079,0.7707617950892098,0.8133035809159495,0.8632006315552047,0.8375095743516796,0.7756912033608109,0.8613303839063268,0.9014451457280231,0.1438351155366619,0.4451690043773486,3705,1757,1213,7654,0.54,4.6,1,3.0
base,mlp,test,0.7729080884918696,0.7682108445250384,0.8356655902404019,0.7879778955678358,0.8111214302298584,0.7632160082032932,0.8517026523658523,0.8962587336484951,0.1524289047261859,0.467349845417272,4088,1374,1880,6987,0.54,3.0,1,3.0
base,tabnet,test,0.7898667038872217,0.7750937126650943,0.8256227758007118,0.8372617570768016,0.8314015342404389,0.7762897105409066,0.8585092375933261,0.8977992858282289,0.1459176504815168,0.4506926694886404,3894,1568,1443,7424,0.52,129.4,1,3.0
extended,dummy_prior,test,0.618814990578547,0.5,0.618814990578547,1.0,0.7645283669598206,0.3822641834799103,0.5,0.618814990578547,0.2359071642355412,0.664692664283298,0,5462,0,8867,0.5,0.1,1,3.0
extended,logistic_regression,test,0.7773047665573313,0.756928902178113,0.8062149331031506,0.8426750874027292,0.8240419079128757,0.7604006935744175,0.8384484111329569,0.8782414261778747,0.1550470192644336,0.4770111196327246,3666,1796,1395,7472,0.51,0.4,1,3.0
extended,random_forest,test,0.810035592155768,0.7876990587582633,0.8237277420714361,0.8816961768354573,0.8517267676217453,0.7937274614807756,0.8801382772066325,0.9130943116699688,0.1318815664043557,0.4131194523685557,3789,1673,1049,7818,0.53,4.6,1,3.0
extended,mlp,test,0.811291785888757,0.7930729932803725,0.8327394449843429,0.8697417390323672,0.8508384819064431,0.7970241792248265,0.8818057541577131,0.9179070655140408,0.1322128222870492,0.4122157716583374,3913,1549,1155,7712,0.52,3.1,1,3.0
extended,tabnet,test,0.8151301556284458,0.7985999169054125,0.8387448245805186,0.8681628510206383,0.8532003325020782,0.8018003923887946,0.8865912293460582,0.91945428736636,0.1289814018683757,0.4051340770032972,3982,1480,1169,7698,0.55,122.9,1,3.0
oracle,true_win_prob,test,0.8239235117593691,0.7973034171069546,0.8242690656307503,0.9093267170407128,0.8647112445707544,0.8063190551957579,0.8940067667454982,0.9265041050869784,0.1244519375722569,0.3902998425883298,3743,1719,804,8063,0.5,,1,3.0
base,dummy_prior,test,0.6155438983986747,0.5,0.6155438983986747,1.0,0.7620268307271639,0.3810134153635819,0.5,0.6155438983986747,0.2367884602193784,0.6664992548860004,0,5570,0,8918,0.5,0.3,2,3.0
base,logistic_regression,test,0.7404058531198233,0.7317765534212974,0.8011914495970097,0.7691186364655752,0.7848275072944676,0.7288493455407712,0.8041842633239694,0.8458777413868308,0.1721528148610096,0.5205609190348442,3868,1702,2059,6859,0.54,0.5,2,3.0
base,random_forest,test,0.7787824406405301,0.7712060170804171,0.831111626289556,0.803991926440906,0.817326873753206,0.7684744770305703,0.8502846300001248,0.8904148655618025,0.1497517062449569,0.4622553828130294,4113,1457,1748,7170,0.58,4.8,2,3.0
base,mlp,test,0.7662203202650469,0.770336897558163,0.8504625522747434,0.7525229872168647,0.7985008031411743,0.7600624341176407,0.8489803970989623,0.8901415073429544,0.152963385517053,0.4704465928550782,4390,1180,2207,6711,0.6,3.0,2,3.0
base,tabnet,test,0.7776090557702926,0.7716345977695042,0.8339587242026266,0.7974882260596546,0.8153158317092744,0.7679354527150015,0.8460536010722872,0.8844479299358574,0.1512063301390146,0.4672864257723819,4154,1416,1806,7112,0.6,91.5,2,3.0
extended,dummy_prior,test,0.6155438983986747,0.5,0.6155438983986747,1.0,0.7620268307271639,0.3810134153635819,0.5,0.6155438983986747,0.2367884602193784,0.6664992548860004,0,5570,0,8918,0.5,0.1,2,3.0
extended,logistic_regression,test,0.769809497515185,0.7566044386859248,0.8125629828686597,0.8137474770127832,0.8131547985881562,0.7567167000939343,0.8275342910853848,0.8604726907564211,0.1601367802618428,0.4926575455422854,3896,1674,1661,7257,0.52,0.5,2,3.0
extended,random_forest,test,0.8141910546659304,0.793362827404523,0.8265841376416282,0.8834940569634447,0.8540921409214092,0.7991722342456181,0.8774420180998791,0.9098848854508984,0.1334396344995033,0.4186251498856179,3917,1653,1039,7879,0.51,4.6,2,3.0
extended,mlp,test,0.8094975151849807,0.7970317631659367,0.8413525498891352,0.8509755550571877,0.8461366930538522,0.7980456974963046,0.8792082601383521,0.9114882524331628,0.1330238928118954,0.4158051371405095,4139,1431,1329,7589,0.55,2.7,2,3.0
extended,tabnet,test,0.8106018774157924,0.7971200199060823,0.8398282694848085,0.8554608656649473,0.8475724919453395,0.7987634648536612,0.8776488396372615,0.9101299915252392,0.1340349660318096,0.4193667674511305,4115,1455,1289,7629,0.59,116.8,2,3.0
oracle,true_win_prob,test,0.823025952512424,0.8017862326732733,0.8314208220321302,0.8936981385960978,0.861435365326416,0.8082959867121002,0.8904341792747245,0.9214855484918754,0.1264249051088528,0.3974629638418102,3954,1616,948,7970,0.5,,2,3.0
base,dummy_prior,test,0.6178593524438029,0.5,0.6178593524438029,1.0,0.7637985978330146,0.3818992989165073,0.5,0.6178593524438029,0.2361566541712779,0.6652033817596841,0,5559,0,8988,0.5,0.3,3,3.0
base,logistic_regression,test,0.727228981920671,0.7180441584161745,0.7922682813227759,0.7570093457943925,0.7742375967228038,0.7148666712560017,0.7933539816795563,0.8371354757020999,0.1797760863042786,0.5374191371365844,3775,1784,2184,6804,0.5,0.5,3,3.0
base,random_forest,test,0.7788547466831649,0.7659986956284701,0.8213609533355608,0.8205384957721407,0.8209495185618078,0.7659164776236738,0.8394844462121068,0.88023961179546,0.1534569667821332,0.4725140712009321,3955,1604,1613,7375,0.56,4.5,3,3.0
base,mlp,test,0.7647624939850141,0.7622124216230264,0.834093637454982,0.7730307076101469,0.8024021249566925,0.7559055461739984,0.835637208668943,0.8792755802482546,0.162299319670563,0.4955226869689748,4177,1382,2040,6948,0.52,3.2,3,3.0
base,tabnet,test,0.7792672028596962,0.7667785625782508,0.8224132157606876,0.8197596795727636,0.8210843037833622,0.7665123680933497,0.8370498174976642,0.8736602206621313,0.1554323060276174,0.4788457996746484,3968,1591,1620,7368,0.52,96.7,3,3.0
extended,dummy_prior,test,0.6178593524438029,0.5,0.6178593524438029,1.0,0.7637985978330146,0.3818992989165073,0.5,0.6178593524438029,0.2361566541712779,0.6652033817596841,0,5559,0,8988,0.5,0.1,3,3.0
extended,logistic_regression,test,0.7715680208977796,0.7541312203523268,0.8071792647218307,0.8281041388518025,0.8175078258004284,0.7561126634743989,0.8277513869304902,0.8610608171395353,0.1624723547960269,0.4973122124256314,3781,1778,1545,7443,0.47,0.4,3,3.0
extended,random_forest,test,0.8116450127173988,0.8001175819723414,0.8465719991124917,0.8490209167779261,0.8477946894789468,0.8003849033402668,0.8716544407353956,0.9049356200136563,0.1350177833313459,0.4234140322175296,4176,1383,1357,7631,0.59,4.5,3,3.0
extended,mlp,test,0.806970509383378,0.794001374021271,0.840233428760185,0.8490209167779261,0.8446043165467626,0.7949436677073436,0.8735682174781942,0.9082119315840858,0.1376323427296903,0.4281019990000702,4108,1451,1357,7631,0.51,2.9,3,3.0
extended,tabnet,test,0.8122636969821957,0.7980789760815584,0.8411296478028568,0.8582554517133957,0.8496062558510932,0.7999288709525242,0.8736618943784895,0.9057478234549704,0.138487625569893,0.4345933644809185,4102,1457,1274,7714,0.44,123.9,3,3.0
oracle,true_win_prob,test,0.8227125867876538,0.8008384868137429,0.8319005696530295,0.8936359590565198,0.8616638952958214,0.8074466256691527,0.88782186686444,0.9196840558237196,0.1274207451975973,0.3996756458755662,3936,1623,956,8032,0.5,,3,3.0
base,dummy_prior,test,0.6185868430212321,0.5,0.6185868430212321,1.0,0.764354221323814,0.382177110661907,0.5,0.6185868430212321,0.2359618164492809,0.6648041269670173,0,5479,0,8886,0.5,0.3,4,3.0
base,logistic_regression,test,0.7330316742081447,0.7063250669170529,0.7657581816268547,0.8189286518118388,0.7914514111697211,0.7102987642832457,0.7904279787079733,0.8456152988685104,0.1769990153557825,0.5297785732861355,3253,2226,1609,7277,0.52,0.4,4,3.0
base,random_forest,test,0.7752175426383571,0.7618370647865192,0.8183455261676984,0.8182534323655188,0.8182994766754825,0.7618279024038057,0.8381360406359115,0.8810698913480348,0.1548910072064136,0.4753424276513213,3865,1614,1615,7271,0.59,4.7,4,3.0
base,mlp,test,0.7674904281239123,0.7428202117412926,0.7917718855218855,0.8468377222597344,0.8183795541054921,0.7476810729908505,0.8293543674645529,0.8742650829171434,0.1597218434968844,0.4875586779555317,3500,1979,1361,7525,0.51,3.4,4,3.0
base,tabnet,test,0.7770274973894883,0.7560922564936725,0.8047838678536952,0.8443619176232275,0.8240979735295733,0.7598296159825416,0.8361300797919025,0.8764345183608042,0.1557700129933342,0.4796352632332583,3659,1820,1383,7503,0.57,112.6,4,3.0
extended,dummy_prior,test,0.6185868430212321,0.5,0.6185868430212321,1.0,0.764354221323814,0.382177110661907,0.5,0.6185868430212321,0.2359618164492809,0.6648041269670173,0,5479,0,8886,0.5,0.1,4,3.0
extended,logistic_regression,test,0.7445179255134007,0.7404866850479828,0.8162745573611448,0.7574836821967139,0.7857809946299323,0.7346735633608361,0.8175165221724987,0.8618386834508212,0.1655449509559803,0.5042940333225672,3964,1515,2155,6731,0.58,0.4,4,3.0
extended,random_forest,test,0.8058475461190393,0.7814516926433286,0.8169248362615656,0.8843124015304974,0.8492839773034315,0.7882605705588062,0.8621905742290137,0.8986573680583305,0.1411869766599594,0.4397411931707484,3718,1761,1028,7858,0.53,4.8,4,3.0
extended,mlp,test,0.7880264531848242,0.7748846012296577,0.8275939427930454,0.8302948458248931,0.8289421942587495,0.7751628347082933,0.8616325025016229,0.9011086733184036,0.1436287294396506,0.4433522847380099,3942,1537,1508,7378,0.63,3.2,4,3.0
extended,tabnet,test,0.8048033414549252,0.7771787226632558,0.8103061224489796,0.8936529372045915,0.8499411323985872,0.7853847438177723,0.8637009551374867,0.8990236879744955,0.1404055291547141,0.4370735798631689,3620,1859,945,7941,0.47,102.1,4,3.0
oracle,true_win_prob,test,0.8114166376609816,0.7848334998891066,0.8163474341903103,0.896916497861805,0.8547375194380396,0.7930070892498202,0.8758507150889014,0.9112267881334162,0.1346871659984676,0.4194758922133718,3686,1793,916,7970,0.5,,4,3.0
base,dummy_prior,test,0.6149632505893773,0.5,0.6149632505893773,1.0,0.7615817268472801,0.38079086342364,0.5,0.6149632505893773,0.2368629129780082,0.6666449081405148,0,5553,0,8869,0.5,0.3,5,3.0
base,logistic_regression,test,0.7343641658577174,0.7255464145596274,0.7959351503759399,0.7638967189085579,0.7795869052413555,0.7226905999643051,0.7987513674488483,0.8428453786307701,0.1744039655959701,0.5258410070387962,3816,1737,2094,6775,0.56,0.4,5,3.0
base,random_forest,test,0.7829011232838718,0.7625184831611784,0.806517094017094,0.8511669861314691,0.8282407153436832,0.766640376513104,0.8465507212582642,0.88478177476667,0.1514998667614782,0.4670513692256906,3742,1811,1320,7549,0.52,4.5,5,3.0
base,mlp,test,0.7627929552073222,0.7599721658410044,0.8301818181818181,0.7722403878678543,0.8001635609556633,0.7541969190705822,0.8343289666544615,0.8745495972519719,0.1592588011505503,0.4868307258583941,4152,1401,2020,6849,0.56,2.7,5,3.0
base,tabnet,test,0.7736097628622938,0.7626397634399027,0.8194982896237172,0.810350659600857,0.8148988037870628,0.7617555152357893,0.8426471125415402,0.8827547299789669,0.1539673832378585,0.4717192028477883,3970,1583,1682,7187,0.57,210.9,5,3.0
extended,dummy_prior,test,0.6149632505893773,0.5,0.6149632505893773,1.0,0.7615817268472801,0.38079086342364,0.5,0.6149632505893773,0.2368629129780082,0.6666449081405148,0,5553,0,8869,0.5,0.2,5,3.0
extended,logistic_regression,test,0.7492719456386077,0.7474975460185358,0.8225469728601252,0.7552147930995603,0.7874441570656008,0.740916128566607,0.8213034484756888,0.8568700667694827,0.163871300431398,0.5019140181233949,4108,1445,2171,6698,0.59,0.3,5,3.0
extended,random_forest,test,0.7986409651920676,0.7907682296512839,0.8440419886953513,0.8250084564212425,0.8344166951761889,0.7887809638980183,0.8701859693885166,0.9041930595083948,0.1381105938816657,0.430161908952724,4201,1352,1552,7317,0.6,4.7,5,3.0
extended,mlp,test,0.8007904590209403,0.7851431942829455,0.8280805427883563,0.8531965272296764,0.8404509357472094,0.7876703326885903,0.8686390214636854,0.903365918829224,0.140038388560536,0.4340771443964357,3982,1571,1302,7567,0.51,2.9,5,3.0
extended,tabnet,test,0.800513104978505,0.7911121007646831,0.8417750399269907,0.8319990979817341,0.8368585199886589,0.7900948858307109,0.8722968005580234,0.9072107148101342,0.1387143978404292,0.4307239990613307,4166,1387,1490,7379,0.64,110.5,5,3.0
oracle,true_win_prob,test,0.811537928165303,0.7885287171212525,0.8199979190510873,0.8886007441650693,0.852922077922078,0.795334060960267,0.8817493525880853,0.914953505468132,0.1322758818659047,0.4114921643635837,3823,1730,988,7881,0.5,,5,3.0
