opportunity_id,query_date,latest_close_date,eligible_archive_count,archive_source,strict_before
HAXMC4IX,2016-11-03,,0,frozen_train_only,True
UP409DSB,2016-11-10,,0,frozen_train_only,True
EG7OFLFR,2016-11-14,,0,frozen_train_only,True
OLVI7L8M,2016-11-16,,0,frozen_train_only,True
F5U1ACDD,2016-11-19,,0,frozen_train_only,True
ZZY4516R,2016-11-20,,0,frozen_train_only,True
0DRC1U9Q,2016-11-20,,0,frozen_train_only,True
M7I5O9YU,2016-11-23,,0,frozen_train_only,True
GYB4W2AU,2016-11-23,,0,frozen_train_only,True
VDIU10RV,2016-11-23,,0,frozen_train_only,True
579LZ3F9,2016-11-24,,0,frozen_train_only,True
SU8JNMP4,2016-11-24,,0,frozen_train_only,True
PFFHM7HR,2016-11-27,,0,frozen_train_only,True
CNM0H9FR,2016-12-02,,0,frozen_train_only,True
UAE5ZC7O,2016-12-05,,0,frozen_train_only,True
JUCNIG4H,2016-12-05,,0,frozen_train_only,True
ICMXZOVL,2016-12-08,,0,frozen_train_only,True
IBEUTCSW,2016-12-08,,0,frozen_train_only,True
O3KC8QI8,2016-12-08,,0,frozen_train_only,True
WALNFJ70,2016-12-08,,0,frozen_train_only,True
MNVMY83P,2016-12-10,,0,frozen_train_only,True
ZOBJHMAF,2016-12-11,,0,frozen_train_only,True
KD6MB4AP,2016-12-11,,0,frozen_train_only,True
A194RP0I,2016-12-12,,0,frozen_train_only,True
KV2OFRJT,2016-12-13,,0,frozen_train_only,True
ERFRHR3Z,2016-12-14,,0,frozen_train_only,True
J53D8EOL,2016-12-14,,0,frozen_train_only,True
J32XDDAW,2016-12-14,,0,frozen_train_only,True
1ZDDZD8B,2016-12-15,,0,frozen_train_only,True
EZVKSQ9C,2016-12-16,,0,frozen_train_only,True
RJYG004O,2016-12-16,,0,frozen_train_only,True
PYOFK7ZD,2016-12-17,,0,frozen_train_only,True
DWUXMAGZ,2016-12-17,,0,frozen_train_only,True
6SN2RQJX,2016-12-17,,0,frozen_train_only,True
NKPH3EFG,2016-12-18,,0,frozen_train_only,True
N07K7DR7,2016-12-18,,0,frozen_train_only,True
125VIRMX,2016-12-19,,0,frozen_train_only,True
3ECHUPQY,2016-12-20,,0,frozen_train_only,True
K5CWSFCW,2016-12-21,,0,frozen_train_only,True
4H2QMS78,2016-12-21,,0,frozen_train_only,True
SQLYCFGV,2016-12-22,,0,frozen_train_only,True
EUG019AS,2016-12-23,,0,frozen_train_only,True
IE7VQ5BA,2016-12-23,,0,frozen_train_only,True
AI76U58A,2016-12-25,,0,frozen_train_only,True
KFPM2LJW,2016-12-25,,0,frozen_train_only,True
B00UMAV4,2016-12-26,,0,frozen_train_only,True
C8TV7R8A,2016-12-26,,0,frozen_train_only,True
2VCDVCIZ,2016-12-27,,0,frozen_train_only,True
0U3WVJO0,2016-12-28,,0,frozen_train_only,True
PMMW9JX3,2016-12-28,,0,frozen_train_only,True
2HT2R2GY,2016-12-29,,0,frozen_train_only,True
13GM5I6M,2016-12-29,,0,frozen_train_only,True
9IA34L8S,2016-12-29,,0,frozen_train_only,True
5T8Q2YID,2017-01-01,,0,frozen_train_only,True
BTT6YAVZ,2017-01-01,,0,frozen_train_only,True
O7UUAK3Y,2017-01-02,,0,frozen_train_only,True
TLOHEQ18,2017-01-02,,0,frozen_train_only,True
EWDOBEM6,2017-01-03,,0,frozen_train_only,True
QM6VR1H5,2017-01-04,,0,frozen_train_only,True
QR2BDRAI,2017-01-04,,0,frozen_train_only,True
Z75ND4JF,2017-01-04,,0,frozen_train_only,True
CGWJ1WHI,2017-01-04,,0,frozen_train_only,True
M16D8PYH,2017-01-05,,0,frozen_train_only,True
VPXW8RJS,2017-01-05,,0,frozen_train_only,True
T7T1YIM7,2017-01-06,,0,frozen_train_only,True
4JHY98UG,2017-01-07,,0,frozen_train_only,True
G39V1X3G,2017-01-07,,0,frozen_train_only,True
EQCD7G7Q,2017-01-08,,0,frozen_train_only,True
XYNTWPN1,2017-01-08,,0,frozen_train_only,True
6Q67ZUJ1,2017-01-09,,0,frozen_train_only,True
Y6UBZM6P,2017-01-09,,0,frozen_train_only,True
RIW4VWBW,2017-01-10,,0,frozen_train_only,True
DWUD4S0P,2017-01-10,,0,frozen_train_only,True
MCE5DKD1,2017-01-10,,0,frozen_train_only,True
RW39Y63V,2017-01-10,,0,frozen_train_only,True
8LW65NDL,2017-01-10,,0,frozen_train_only,True
CJ2ON1LV,2017-01-11,,0,frozen_train_only,True
4I8X7EMW,2017-01-11,,0,frozen_train_only,True
LMOAYCUK,2017-01-11,,0,frozen_train_only,True
VCSHYIU8,2017-01-12,,0,frozen_train_only,True
0I6U3MQ6,2017-01-12,,0,frozen_train_only,True
WRUG19FZ,2017-01-13,,0,frozen_train_only,True
UQQE9ILV,2017-01-13,,0,frozen_train_only,True
W8CXDBQN,2017-01-13,,0,frozen_train_only,True
VKT0UN11,2017-01-14,,0,frozen_train_only,True
JIACLB24,2017-01-14,,0,frozen_train_only,True
5VYJCJAE,2017-01-15,,0,frozen_train_only,True
BTUG5VDL,2017-01-15,,0,frozen_train_only,True
CT3HBBI2,2017-01-15,,0,frozen_train_only,True
GR2X90DZ,2017-01-15,,0,frozen_train_only,True
S3W6Q07M,2017-01-16,,0,frozen_train_only,True
K64TY8LU,2017-01-16,,0,frozen_train_only,True
0OESOJNN,2017-01-17,,0,frozen_train_only,True
DZ57QIQN,2017-01-18,,0,frozen_train_only,True
OZ5S8NCK,2017-01-18,,0,frozen_train_only,True
A4JROIDO,2017-01-19,,0,frozen_train_only,True
PMEENWD5,2017-01-21,,0,frozen_train_only,True
Z1WLLL1H,2017-01-21,,0,frozen_train_only,True
ETZKANFZ,2017-01-21,,0,frozen_train_only,True
PK1PS0KR,2017-01-22,,0,frozen_train_only,True
RPONINLM,2017-01-23,,0,frozen_train_only,True
F569KUVC,2017-01-24,,0,frozen_train_only,True
PKDJTR06,2017-01-24,,0,frozen_train_only,True
VYPYVO8V,2017-01-24,,0,frozen_train_only,True
1D54L027,2017-01-25,,0,frozen_train_only,True
CENVLTFH,2017-01-28,,0,frozen_train_only,True
4NGSQODD,2017-01-28,,0,frozen_train_only,True
5BE27MLY,2017-01-28,,0,frozen_train_only,True
N5UIZYIV,2017-01-28,,0,frozen_train_only,True
KBR253C0,2017-01-29,,0,frozen_train_only,True
379DUF2N,2017-01-29,,0,frozen_train_only,True
67IKZGGJ,2017-01-29,,0,frozen_train_only,True
8YIANRVX,2017-01-29,,0,frozen_train_only,True
A7SA2L21,2017-01-30,,0,frozen_train_only,True
9W7PFSNX,2017-01-31,,0,frozen_train_only,True
XYLNH45V,2017-01-31,,0,frozen_train_only,True
GVBWTDI3,2017-01-31,,0,frozen_train_only,True
VFEV5XBS,2017-01-31,,0,frozen_train_only,True
VN8LKQN3,2017-02-02,,0,frozen_train_only,True
ZHY9C8OO,2017-02-02,,0,frozen_train_only,True
H2MC2E7K,2017-02-02,,0,frozen_train_only,True
OCGXWE8H,2017-02-03,,0,frozen_train_only,True
USVLKDF4,2017-02-04,,0,frozen_train_only,True
JCPQZ2SN,2017-02-04,,0,frozen_train_only,True
HZIU2NOT,2017-02-04,,0,frozen_train_only,True
YM8DBAFV,2017-02-05,,0,frozen_train_only,True
RP7KA6HS,2017-02-05,,0,frozen_train_only,True
P9PFSLS6,2017-02-05,,0,frozen_train_only,True
E4THD359,2017-02-05,,0,frozen_train_only,True
6VIK2VX8,2017-02-06,,0,frozen_train_only,True
30R81VZX,2017-02-06,,0,frozen_train_only,True
TH9RV79M,2017-02-06,,0,frozen_train_only,True
7VOW7BUJ,2017-02-07,,0,frozen_train_only,True
2J5E145N,2017-02-07,,0,frozen_train_only,True
YFB7Y92U,2017-02-07,,0,frozen_train_only,True
S6645YWA,2017-02-07,,0,frozen_train_only,True
B5A1BERF,2017-02-07,,0,frozen_train_only,True
IEAPJ5X1,2017-02-07,,0,frozen_train_only,True
L2S4T3VA,2017-02-08,,0,frozen_train_only,True
AF8NG5JC,2017-02-08,,0,frozen_train_only,True
IVJP36UT,2017-02-08,,0,frozen_train_only,True
9A9E1KPG,2017-02-08,,0,frozen_train_only,True
TF19VML9,2017-02-08,,0,frozen_train_only,True
ZHXIDZNI,2017-02-08,,0,frozen_train_only,True
5P3NH791,2017-02-10,,0,frozen_train_only,True
X3ZSQCH8,2017-02-10,,0,frozen_train_only,True
5BXUKFPR,2017-02-11,,0,frozen_train_only,True
8AJG1YLJ,2017-02-11,,0,frozen_train_only,True
5RNWV17L,2017-02-11,,0,frozen_train_only,True
LXM6CTMS,2017-02-12,,0,frozen_train_only,True
VXMFL425,2017-02-12,,0,frozen_train_only,True
E887HZT1,2017-02-12,,0,frozen_train_only,True
CGJ7NRZH,2017-02-12,,0,frozen_train_only,True
SWJ9OOZU,2017-02-13,,0,frozen_train_only,True
B06D1F9M,2017-02-13,,0,frozen_train_only,True
OZ761BUJ,2017-02-13,,0,frozen_train_only,True
SCS5H8V1,2017-02-14,,0,frozen_train_only,True
81MXE1H7,2017-02-14,,0,frozen_train_only,True
W24IDMVV,2017-02-15,,0,frozen_train_only,True
JQA8H6M5,2017-02-15,,0,frozen_train_only,True
92G1TO7L,2017-02-15,,0,frozen_train_only,True
FW2XJG9S,2017-02-15,,0,frozen_train_only,True
SVCKI631,2017-02-15,,0,frozen_train_only,True
VJ5QGP8Z,2017-02-15,,0,frozen_train_only,True
R2W96FGX,2017-02-15,,0,frozen_train_only,True
KM1D04JS,2017-02-16,,0,frozen_train_only,True
BNY8MJ6L,2017-02-16,,0,frozen_train_only,True
INBGKE14,2017-02-16,,0,frozen_train_only,True
5KK2SSSB,2017-02-16,,0,frozen_train_only,True
V3HVIJLL,2017-02-16,,0,frozen_train_only,True
AMNKCM1H,2017-02-17,,0,frozen_train_only,True
84LN84VM,2017-02-17,,0,frozen_train_only,True
MU7JWTP6,2017-02-18,,0,frozen_train_only,True
9HRMW8SL,2017-02-19,,0,frozen_train_only,True
WJQ8VD51,2017-02-19,,0,frozen_train_only,True
1WHXI2RW,2017-02-19,,0,frozen_train_only,True
G5JP0G7Q,2017-02-19,,0,frozen_train_only,True
RVH3UUKY,2017-02-19,,0,frozen_train_only,True
CG9VXPV1,2017-02-19,,0,frozen_train_only,True
CYWZJ2AI,2017-02-20,,0,frozen_train_only,True
Y7N97FW8,2017-02-20,,0,frozen_train_only,True
0IO43YMS,2017-02-20,,0,frozen_train_only,True
6HG76L6U,2017-02-21,,0,frozen_train_only,True
9SLINQY5,2017-02-21,,0,frozen_train_only,True
1GIP77EP,2017-02-21,,0,frozen_train_only,True
NOLCZMV6,2017-02-21,,0,frozen_train_only,True
B4SIVH1O,2017-02-22,,0,frozen_train_only,True
ESZY10SI,2017-02-22,,0,frozen_train_only,True
Y3CYQGPH,2017-02-22,,0,frozen_train_only,True
Q19RWR17,2017-02-22,,0,frozen_train_only,True
6PW6ZQEE,2017-02-23,,0,frozen_train_only,True
4E5A84H1,2017-02-23,,0,frozen_train_only,True
03VCDZEE,2017-02-23,,0,frozen_train_only,True
7ONH55WT,2017-02-24,,0,frozen_train_only,True
CMKXOOJQ,2017-02-24,,0,frozen_train_only,True
NR947OAB,2017-02-24,,0,frozen_train_only,True
LMKNU8IZ,2017-02-24,,0,frozen_train_only,True
R5RSH4JV,2017-02-25,,0,frozen_train_only,True
X1D1HYMM,2017-02-25,,0,frozen_train_only,True
GVYF29NM,2017-02-25,,0,frozen_train_only,True
DN6SG3US,2017-02-25,,0,frozen_train_only,True
EW28ZONV,2017-02-25,,0,frozen_train_only,True
9E8A7MQ8,2017-02-26,,0,frozen_train_only,True
HVZMZW96,2017-02-26,,0,frozen_train_only,True
1H1YDS7C,2017-02-26,,0,frozen_train_only,True
FZC2J90W,2017-02-26,,0,frozen_train_only,True
UI3DE2C4,2017-02-26,,0,frozen_train_only,True
25FUROM1,2017-02-27,,0,frozen_train_only,True
9X2S0K15,2017-02-27,,0,frozen_train_only,True
XRZVJPD5,2017-02-27,,0,frozen_train_only,True
QDGUWTLU,2017-02-27,,0,frozen_train_only,True
JSZZN48S,2017-02-28,,0,frozen_train_only,True
F2B62IW4,2017-02-28,,0,frozen_train_only,True
DEHQTB8B,2017-03-01,,0,frozen_train_only,True
KVR52YDI,2017-03-01,,0,frozen_train_only,True
STT3X4NB,2017-03-01,,0,frozen_train_only,True
XRDF1NAB,2017-03-01,,0,frozen_train_only,True
WUNMIJW9,2017-03-02,2017-03-01,24,frozen_train_only,True
4V9NMGEA,2017-03-02,2017-03-01,24,frozen_train_only,True
4CXUC4VR,2017-03-02,2017-03-01,24,frozen_train_only,True
79EHWR35,2017-03-02,2017-03-01,24,frozen_train_only,True
L0GMLGRR,2017-03-02,2017-03-01,24,frozen_train_only,True
D3ZC338T,2017-03-02,2017-03-01,24,frozen_train_only,True
QRQ8C6MQ,2017-03-03,2017-03-02,46,frozen_train_only,True
ZG8WPG99,2017-03-03,2017-03-02,46,frozen_train_only,True
U7M26UZV,2017-03-03,2017-03-02,46,frozen_train_only,True
TV300INP,2017-03-03,2017-03-02,46,frozen_train_only,True
KBQ16F1I,2017-03-03,2017-03-02,46,frozen_train_only,True
FYN7C0CV,2017-03-04,2017-03-03,65,frozen_train_only,True
5JDWBOLS,2017-03-04,2017-03-03,65,frozen_train_only,True
7TI1WTV9,2017-03-04,2017-03-03,65,frozen_train_only,True
01EH41WA,2017-03-04,2017-03-03,65,frozen_train_only,True
71GQNH5T,2017-03-05,2017-03-04,82,frozen_train_only,True
LSA39JBG,2017-03-05,2017-03-04,82,frozen_train_only,True
AKTPC3M1,2017-03-05,2017-03-04,82,frozen_train_only,True
JA5G7YBO,2017-03-05,2017-03-04,82,frozen_train_only,True
CZ8PPZTC,2017-03-05,2017-03-04,82,frozen_train_only,True
YQ0Y0YQS,2017-03-05,2017-03-04,82,frozen_train_only,True
5Z8S8UHK,2017-03-06,2017-03-05,96,frozen_train_only,True
NMKAJZJ4,2017-03-06,2017-03-05,96,frozen_train_only,True
SX0SSL0H,2017-03-06,2017-03-05,96,frozen_train_only,True
I7BWM5O0,2017-03-06,2017-03-05,96,frozen_train_only,True
6F79VYH8,2017-03-07,2017-03-06,116,frozen_train_only,True
ZQ4QTT1Z,2017-03-07,2017-03-06,116,frozen_train_only,True
9A4H9IAC,2017-03-07,2017-03-06,116,frozen_train_only,True
ZTLLHCBU,2017-03-07,2017-03-06,116,frozen_train_only,True
SLYFFVBE,2017-03-07,2017-03-06,116,frozen_train_only,True
NCMT5KK3,2017-03-07,2017-03-06,116,frozen_train_only,True
81FNO0VM,2017-03-07,2017-03-06,116,frozen_train_only,True
RFQP9VCW,2017-03-07,2017-03-06,116,frozen_train_only,True
NGCM47PC,2017-03-07,2017-03-06,116,frozen_train_only,True
JDXSS1HT,2017-03-08,2017-03-07,136,frozen_train_only,True
T1F2I8ED,2017-03-09,2017-03-08,157,frozen_train_only,True
26CH1NDR,2017-03-09,2017-03-08,157,frozen_train_only,True
ISAWVDYZ,2017-03-09,2017-03-08,157,frozen_train_only,True
LJBQ7P0V,2017-03-09,2017-03-08,157,frozen_train_only,True
ZRYPU2QW,2017-03-09,2017-03-08,157,frozen_train_only,True
0A1LN7GB,2017-03-09,2017-03-08,157,frozen_train_only,True
1B27CZ2M,2017-03-10,2017-03-09,178,frozen_train_only,True
839AMI93,2017-03-10,2017-03-09,178,frozen_train_only,True
BFGASJAW,2017-03-10,2017-03-09,178,frozen_train_only,True
5XPYFICK,2017-03-10,2017-03-09,178,frozen_train_only,True
ILR33OAV,2017-03-11,2017-03-10,199,frozen_train_only,True
BY2L60V1,2017-03-11,2017-03-10,199,frozen_train_only,True
73HO9OZC,2017-03-12,2017-03-11,219,frozen_train_only,True
3E4VTH6E,2017-03-12,2017-03-11,219,frozen_train_only,True
QHJ3W8FW,2017-03-12,2017-03-11,219,frozen_train_only,True
Y28VHZKQ,2017-03-13,2017-03-12,242,frozen_train_only,True
F5I33E1I,2017-03-13,2017-03-12,242,frozen_train_only,True
4IT33RBO,2017-03-13,2017-03-12,242,frozen_train_only,True
7VKQWIXD,2017-03-14,2017-03-13,263,frozen_train_only,True
V74O6XQT,2017-03-14,2017-03-13,263,frozen_train_only,True
MRCYKUX4,2017-03-14,2017-03-13,263,frozen_train_only,True
3PVNGGBX,2017-03-14,2017-03-13,263,frozen_train_only,True
MN6E59H6,2017-03-14,2017-03-13,263,frozen_train_only,True
V4XHHFO3,2017-03-15,2017-03-14,294,frozen_train_only,True
7PXJ92C5,2017-03-15,2017-03-14,294,frozen_train_only,True
4XZ4RY1N,2017-03-15,2017-03-14,294,frozen_train_only,True
Z0RLNFVY,2017-03-16,2017-03-15,310,frozen_train_only,True
RQULJHTU,2017-03-16,2017-03-15,310,frozen_train_only,True
GK1NH8G7,2017-03-16,2017-03-15,310,frozen_train_only,True
OPCLCCQH,2017-03-16,2017-03-15,310,frozen_train_only,True
WFCEPHD3,2017-03-16,2017-03-15,310,frozen_train_only,True
AF7XJNED,2017-03-16,2017-03-15,310,frozen_train_only,True
EJDHOY6M,2017-03-17,2017-03-16,333,frozen_train_only,True
DF1011UT,2017-03-17,2017-03-16,333,frozen_train_only,True
IBS3H6Z4,2017-03-17,2017-03-16,333,frozen_train_only,True
04YGLJ3N,2017-03-17,2017-03-16,333,frozen_train_only,True
IN9S33CD,2017-03-17,2017-03-16,333,frozen_train_only,True
1GT10YJD,2017-03-17,2017-03-16,333,frozen_train_only,True
4UZCVHEV,2017-03-17,2017-03-16,333,frozen_train_only,True
DJH67UIZ,2017-03-17,2017-03-16,333,frozen_train_only,True
7VGJ2B7O,2017-03-17,2017-03-16,333,frozen_train_only,True
H2IOHZ8R,2017-03-18,2017-03-17,357,frozen_train_only,True
I7MDOGGU,2017-03-18,2017-03-17,357,frozen_train_only,True
10IY4PV4,2017-03-18,2017-03-17,357,frozen_train_only,True
A1TDRYHZ,2017-03-18,2017-03-17,357,frozen_train_only,True
2JY9SQ2L,2017-03-18,2017-03-17,357,frozen_train_only,True
3N3RAHXR,2017-03-19,2017-03-18,377,frozen_train_only,True
RACLHBXN,2017-03-19,2017-03-18,377,frozen_train_only,True
THKCN7HU,2017-03-19,2017-03-18,377,frozen_train_only,True
PD2198ZH,2017-03-19,2017-03-18,377,frozen_train_only,True
ALHQU8W8,2017-03-20,2017-03-19,393,frozen_train_only,True
K72CEXGZ,2017-03-20,2017-03-19,393,frozen_train_only,True
P1SGQODJ,2017-03-21,2017-03-20,420,frozen_train_only,True
5C8HCDXT,2017-03-21,2017-03-20,420,frozen_train_only,True
9FPDDSIJ,2017-03-22,2017-03-21,445,frozen_train_only,True
4RDJBBB6,2017-03-22,2017-03-21,445,frozen_train_only,True
GZCWM6GK,2017-03-22,2017-03-21,445,frozen_train_only,True
3JUL12VK,2017-03-22,2017-03-21,445,frozen_train_only,True
9Y85N0W5,2017-03-22,2017-03-21,445,frozen_train_only,True
8GE7FY98,2017-03-22,2017-03-21,445,frozen_train_only,True
4U9D1IZ5,2017-03-22,2017-03-21,445,frozen_train_only,True
PO158L29,2017-03-23,2017-03-22,457,frozen_train_only,True
ODGKZEVV,2017-03-23,2017-03-22,457,frozen_train_only,True
M41NS5DN,2017-03-24,2017-03-23,478,frozen_train_only,True
QIHWKCFK,2017-03-24,2017-03-23,478,frozen_train_only,True
GEJLL5L3,2017-03-24,2017-03-23,478,frozen_train_only,True
KMB8TJ0I,2017-03-24,2017-03-23,478,frozen_train_only,True
CR6ZLEWC,2017-03-24,2017-03-23,478,frozen_train_only,True
YB20NWM1,2017-03-24,2017-03-23,478,frozen_train_only,True
43LFUTVM,2017-03-24,2017-03-23,478,frozen_train_only,True
CMS1HUGL,2017-03-25,2017-03-24,494,frozen_train_only,True
6R6S91WE,2017-03-25,2017-03-24,494,frozen_train_only,True
3T64Z7DB,2017-03-25,2017-03-24,494,frozen_train_only,True
3F2ZPCSL,2017-03-25,2017-03-24,494,frozen_train_only,True
XFB1VXQY,2017-03-25,2017-03-24,494,frozen_train_only,True
TJ03NDNX,2017-03-25,2017-03-24,494,frozen_train_only,True
VRYR5A81,2017-03-25,2017-03-24,494,frozen_train_only,True
J6OQS0AU,2017-03-26,2017-03-25,514,frozen_train_only,True
97PFKCPG,2017-03-26,2017-03-25,514,frozen_train_only,True
FB9M4FR7,2017-03-26,2017-03-25,514,frozen_train_only,True
5G4I94TF,2017-03-26,2017-03-25,514,frozen_train_only,True
0QPZIIPF,2017-03-27,2017-03-26,534,frozen_train_only,True
DFFEQ87N,2017-03-28,2017-03-27,555,frozen_train_only,True
BXK5HGEY,2017-03-28,2017-03-27,555,frozen_train_only,True
XXUGTDX7,2017-03-28,2017-03-27,555,frozen_train_only,True
LWXHKI88,2017-03-28,2017-03-27,555,frozen_train_only,True
I6U62W0R,2017-03-29,2017-03-28,583,frozen_train_only,True
EB89ONZN,2017-03-29,2017-03-28,583,frozen_train_only,True
NFMCPYOV,2017-03-30,2017-03-29,600,frozen_train_only,True
2VDN72EP,2017-03-30,2017-03-29,600,frozen_train_only,True
Z9QZKUV5,2017-03-30,2017-03-29,600,frozen_train_only,True
WW1WV7IT,2017-03-31,2017-03-30,628,frozen_train_only,True
T0VJ4AMX,2017-03-31,2017-03-30,628,frozen_train_only,True
WLS5J30E,2017-03-31,2017-03-30,628,frozen_train_only,True
LIQZNH9U,2017-03-31,2017-03-30,628,frozen_train_only,True
P9LE92UR,2017-03-31,2017-03-30,628,frozen_train_only,True
DOGKQHQP,2017-03-31,2017-03-30,628,frozen_train_only,True
G3SJ8X1K,2017-03-31,2017-03-30,628,frozen_train_only,True
JW4Q5F4Z,2017-04-01,2017-03-31,647,frozen_train_only,True
KKRJ6TBY,2017-04-01,2017-03-31,647,frozen_train_only,True
MIY4MF3R,2017-04-01,2017-03-31,647,frozen_train_only,True
YLK0MRJ3,2017-04-01,2017-03-31,647,frozen_train_only,True
H6I16U57,2017-04-01,2017-03-31,647,frozen_train_only,True
20CVXRTX,2017-04-01,2017-03-31,647,frozen_train_only,True
VK9KN5PT,2017-04-02,2017-04-01,666,frozen_train_only,True
DQ7GS2BN,2017-04-02,2017-04-01,666,frozen_train_only,True
D5VY17OP,2017-04-02,2017-04-01,666,frozen_train_only,True
BED55OSG,2017-04-02,2017-04-01,666,frozen_train_only,True
H5VBBEVI,2017-04-03,2017-04-02,683,frozen_train_only,True
MB7G8DWS,2017-04-03,2017-04-02,683,frozen_train_only,True
2HS1C21I,2017-04-03,2017-04-02,683,frozen_train_only,True
Q2BB73WT,2017-04-03,2017-04-02,683,frozen_train_only,True
8TRT2HNF,2017-04-03,2017-04-02,683,frozen_train_only,True
ZLN48IIP,2017-04-03,2017-04-02,683,frozen_train_only,True
HVT28XPH,2017-04-03,2017-04-02,683,frozen_train_only,True
VM0MHPAO,2017-04-03,2017-04-02,683,frozen_train_only,True
LXZD2PZD,2017-04-04,2017-04-03,705,frozen_train_only,True
BPOTQCFG,2017-04-04,2017-04-03,705,frozen_train_only,True
XM4VD3NN,2017-04-04,2017-04-03,705,frozen_train_only,True
D62905BC,2017-04-04,2017-04-03,705,frozen_train_only,True
9ILB20UV,2017-04-05,2017-04-04,720,frozen_train_only,True
PNO7D8PD,2017-04-05,2017-04-04,720,frozen_train_only,True
2GV66JA7,2017-04-06,2017-04-05,734,frozen_train_only,True
AKMV6WN5,2017-04-06,2017-04-05,734,frozen_train_only,True
HPIKEMB9,2017-04-06,2017-04-05,734,frozen_train_only,True
U0E0XHK9,2017-04-06,2017-04-05,734,frozen_train_only,True
8254HM4E,2017-04-06,2017-04-05,734,frozen_train_only,True
QCNOCX0P,2017-04-07,2017-04-06,757,frozen_train_only,True
M9V8824W,2017-04-07,2017-04-06,757,frozen_train_only,True
UUGY3W44,2017-04-07,2017-04-06,757,frozen_train_only,True
BHHDOY2E,2017-04-07,2017-04-06,757,frozen_train_only,True
XDECB9X2,2017-04-07,2017-04-06,757,frozen_train_only,True
GL95LARP,2017-04-08,2017-04-07,780,frozen_train_only,True
FM505XD5,2017-04-08,2017-04-07,780,frozen_train_only,True
J6F10SFK,2017-04-08,2017-04-07,780,frozen_train_only,True
U4IJO6SL,2017-04-08,2017-04-07,780,frozen_train_only,True
PVLGUIEN,2017-04-09,2017-04-08,797,frozen_train_only,True
45B6VA2Y,2017-04-09,2017-04-08,797,frozen_train_only,True
SKBDCYV5,2017-04-09,2017-04-08,797,frozen_train_only,True
XQ0N9T87,2017-04-10,2017-04-09,815,frozen_train_only,True
IKU97NEU,2017-04-10,2017-04-09,815,frozen_train_only,True
456BP2X7,2017-04-10,2017-04-09,815,frozen_train_only,True
J58BUYQH,2017-04-11,2017-04-10,837,frozen_train_only,True
FN1QX0BQ,2017-04-11,2017-04-10,837,frozen_train_only,True
7Y530NLJ,2017-04-12,2017-04-11,858,frozen_train_only,True
CVFUMOK9,2017-04-12,2017-04-11,858,frozen_train_only,True
R0CLLIH9,2017-04-12,2017-04-11,858,frozen_train_only,True
X8GGF9MG,2017-04-12,2017-04-11,858,frozen_train_only,True
3P7QQSVF,2017-04-12,2017-04-11,858,frozen_train_only,True
PGXIPGDM,2017-04-12,2017-04-11,858,frozen_train_only,True
Z7OH4GWO,2017-04-13,2017-04-12,879,frozen_train_only,True
81G840FM,2017-04-13,2017-04-12,879,frozen_train_only,True
U5K2MZB6,2017-04-13,2017-04-12,879,frozen_train_only,True
ZVAZKWF3,2017-04-14,2017-04-13,899,frozen_train_only,True
6S2ABHZS,2017-04-14,2017-04-13,899,frozen_train_only,True
COM9RNBL,2017-04-14,2017-04-13,899,frozen_train_only,True
K6M3EX4O,2017-04-15,2017-04-14,917,frozen_train_only,True
LWPFQ1UA,2017-04-15,2017-04-14,917,frozen_train_only,True
ANRCHVJM,2017-04-15,2017-04-14,917,frozen_train_only,True
10AEGW41,2017-04-16,2017-04-15,940,frozen_train_only,True
6G6ZCKSB,2017-04-16,2017-04-15,940,frozen_train_only,True
GACPNKGI,2017-04-17,2017-04-16,965,frozen_train_only,True
E4082SMQ,2017-04-17,2017-04-16,965,frozen_train_only,True
LSVGDJ1A,2017-04-17,2017-04-16,965,frozen_train_only,True
2LSNRT4U,2017-04-17,2017-04-16,965,frozen_train_only,True
C9330YF1,2017-04-17,2017-04-16,965,frozen_train_only,True
QD8F0CI6,2017-04-17,2017-04-16,965,frozen_train_only,True
7K0S2P6K,2017-04-17,2017-04-16,965,frozen_train_only,True
DJMPI9TO,2017-04-18,2017-04-17,979,frozen_train_only,True
U6XJRWV8,2017-04-18,2017-04-17,979,frozen_train_only,True
BYF6ABTZ,2017-04-18,2017-04-17,979,frozen_train_only,True
K8LRZ95S,2017-04-18,2017-04-17,979,frozen_train_only,True
Q8BZ3PC9,2017-04-18,2017-04-17,979,frozen_train_only,True
49ZS7GTS,2017-04-18,2017-04-17,979,frozen_train_only,True
M857G6G1,2017-04-18,2017-04-17,979,frozen_train_only,True
5K0ZFCVO,2017-04-18,2017-04-17,979,frozen_train_only,True
6AEVX11M,2017-04-18,2017-04-17,979,frozen_train_only,True
WGETO859,2017-04-19,2017-04-18,1004,frozen_train_only,True
CTWSDG4U,2017-04-19,2017-04-18,1004,frozen_train_only,True
0EYXI1UN,2017-04-19,2017-04-18,1004,frozen_train_only,True
XOVYPE58,2017-04-19,2017-04-18,1004,frozen_train_only,True
S2MSQIXP,2017-04-19,2017-04-18,1004,frozen_train_only,True
C32E4E1D,2017-04-20,2017-04-19,1026,frozen_train_only,True
U2HYH97X,2017-04-20,2017-04-19,1026,frozen_train_only,True
MRWHJE9P,2017-04-21,2017-04-20,1049,frozen_train_only,True
FVGRGJU8,2017-04-21,2017-04-20,1049,frozen_train_only,True
Q6OUJCH5,2017-04-21,2017-04-20,1049,frozen_train_only,True
IIVP87B8,2017-04-22,2017-04-21,1064,frozen_train_only,True
4QFATB6J,2017-04-22,2017-04-21,1064,frozen_train_only,True
61E7IHAY,2017-04-22,2017-04-21,1064,frozen_train_only,True
KTC0RC8I,2017-04-23,2017-04-22,1086,frozen_train_only,True
CY7C3ZPJ,2017-04-23,2017-04-22,1086,frozen_train_only,True
M9GP930T,2017-04-23,2017-04-22,1086,frozen_train_only,True
NMY6FA6X,2017-04-24,2017-04-23,1102,frozen_train_only,True
NUQPJV8A,2017-04-24,2017-04-23,1102,frozen_train_only,True
VY4IVO2W,2017-04-24,2017-04-23,1102,frozen_train_only,True
INKH0Y59,2017-04-24,2017-04-23,1102,frozen_train_only,True
OSMGVV1S,2017-04-24,2017-04-23,1102,frozen_train_only,True
BDUNPUWY,2017-04-25,2017-04-24,1127,frozen_train_only,True
HDALWEHF,2017-04-25,2017-04-24,1127,frozen_train_only,True
OTJR9SSK,2017-04-25,2017-04-24,1127,frozen_train_only,True
GQ2W1DXM,2017-04-25,2017-04-24,1127,frozen_train_only,True
CEEJ2EN5,2017-04-25,2017-04-24,1127,frozen_train_only,True
JNEQWZQK,2017-04-25,2017-04-24,1127,frozen_train_only,True
RXAQJKSL,2017-04-26,2017-04-25,1143,frozen_train_only,True
IGRY0M4Q,2017-04-26,2017-04-25,1143,frozen_train_only,True
9HYMQL4I,2017-04-26,2017-04-25,1143,frozen_train_only,True
0KEO3OP7,2017-04-27,2017-04-26,1153,frozen_train_only,True
7882RJGY,2017-04-27,2017-04-26,1153,frozen_train_only,True
HHDQ9EW4,2017-04-28,2017-04-27,1172,frozen_train_only,True
VMIAO42Z,2017-04-28,2017-04-27,1172,frozen_train_only,True
VP8ERXPR,2017-04-29,2017-04-28,1192,frozen_train_only,True
UEZOR630,2017-04-29,2017-04-28,1192,frozen_train_only,True
R9U1QNHQ,2017-04-29,2017-04-28,1192,frozen_train_only,True
5CZBHSRI,2017-04-29,2017-04-28,1192,frozen_train_only,True
DYNHHN6P,2017-04-29,2017-04-28,1192,frozen_train_only,True
ZH14SZPT,2017-04-29,2017-04-28,1192,frozen_train_only,True
Q2CLAKLM,2017-04-30,2017-04-29,1213,frozen_train_only,True
OTLQMB5X,2017-04-30,2017-04-29,1213,frozen_train_only,True
OIO2H2MY,2017-05-01,2017-04-30,1233,frozen_train_only,True
7DT8UKKY,2017-05-01,2017-04-30,1233,frozen_train_only,True
OLGT0VHP,2017-05-01,2017-04-30,1233,frozen_train_only,True
I92EJ805,2017-05-01,2017-04-30,1233,frozen_train_only,True
5WHMLQDK,2017-05-01,2017-04-30,1233,frozen_train_only,True
QP006VDE,2017-05-01,2017-04-30,1233,frozen_train_only,True
R1K16RZO,2017-05-01,2017-04-30,1233,frozen_train_only,True
UYQJ2A1O,2017-05-01,2017-04-30,1233,frozen_train_only,True
UIX6X6R3,2017-05-01,2017-04-30,1233,frozen_train_only,True
60NIT1PM,2017-05-02,2017-05-01,1253,frozen_train_only,True
44Y3J17P,2017-05-02,2017-05-01,1253,frozen_train_only,True
J9OP2A5I,2017-05-02,2017-05-01,1253,frozen_train_only,True
8WB5HXOB,2017-05-02,2017-05-01,1253,frozen_train_only,True
4ZX1WPS7,2017-05-03,2017-05-02,1282,frozen_train_only,True
86C26QSR,2017-05-03,2017-05-02,1282,frozen_train_only,True
LR45YFE4,2017-05-03,2017-05-02,1282,frozen_train_only,True
UJ7BYO6A,2017-05-04,2017-05-03,1296,frozen_train_only,True
LCQ934W7,2017-05-05,2017-05-04,1324,frozen_train_only,True
Z236WCM1,2017-05-05,2017-05-04,1324,frozen_train_only,True
RG893DYQ,2017-05-05,2017-05-04,1324,frozen_train_only,True
WQSJNIEZ,2017-05-05,2017-05-04,1324,frozen_train_only,True
HF74MC9F,2017-05-06,2017-05-05,1353,frozen_train_only,True
FWTTJ2G8,2017-05-06,2017-05-05,1353,frozen_train_only,True
J71N4WQ6,2017-05-06,2017-05-05,1353,frozen_train_only,True
IGHYUSN8,2017-05-06,2017-05-05,1353,frozen_train_only,True
3F34LWKM,2017-05-06,2017-05-05,1353,frozen_train_only,True
RIC5ZHK4,2017-05-07,2017-05-06,1386,frozen_train_only,True
YVXKNYSM,2017-05-07,2017-05-06,1386,frozen_train_only,True
73086D08,2017-05-07,2017-05-06,1386,frozen_train_only,True
OIFERO7S,2017-05-07,2017-05-06,1386,frozen_train_only,True
Z2E1UVVB,2017-05-07,2017-05-06,1386,frozen_train_only,True
0AQGBN7B,2017-05-08,2017-05-07,1403,frozen_train_only,True
UU25XD9E,2017-05-08,2017-05-07,1403,frozen_train_only,True
K5GFWLKM,2017-05-09,2017-05-08,1431,frozen_train_only,True
1K6HY455,2017-05-09,2017-05-08,1431,frozen_train_only,True
GL1YE4PQ,2017-05-09,2017-05-08,1431,frozen_train_only,True
HFUZQFQQ,2017-05-09,2017-05-08,1431,frozen_train_only,True
8SVMGDPA,2017-05-09,2017-05-08,1431,frozen_train_only,True
FHWXZ6HL,2017-05-09,2017-05-08,1431,frozen_train_only,True
246MLWZ7,2017-05-09,2017-05-08,1431,frozen_train_only,True
Q2RY668B,2017-05-10,2017-05-09,1459,frozen_train_only,True
VBFYOCDO,2017-05-10,2017-05-09,1459,frozen_train_only,True
T5SX9Z3T,2017-05-10,2017-05-09,1459,frozen_train_only,True
VPG5E490,2017-05-11,2017-05-10,1487,frozen_train_only,True
8I84MV5A,2017-05-11,2017-05-10,1487,frozen_train_only,True
KF05URX0,2017-05-11,2017-05-10,1487,frozen_train_only,True
5IQAJGCU,2017-05-11,2017-05-10,1487,frozen_train_only,True
LTVGILHP,2017-05-11,2017-05-10,1487,frozen_train_only,True
MV227O65,2017-05-11,2017-05-10,1487,frozen_train_only,True
E8QHX9TE,2017-05-11,2017-05-10,1487,frozen_train_only,True
I6UG2OLX,2017-05-13,2017-05-12,1533,frozen_train_only,True
3N46WQVI,2017-05-13,2017-05-12,1533,frozen_train_only,True
ALZNZ666,2017-05-14,2017-05-13,1554,frozen_train_only,True
BJO24Z5A,2017-05-14,2017-05-13,1554,frozen_train_only,True
EF24VTVA,2017-05-14,2017-05-13,1554,frozen_train_only,True
HY94AVIW,2017-05-14,2017-05-13,1554,frozen_train_only,True
T4FQOS6J,2017-05-14,2017-05-13,1554,frozen_train_only,True
848QSODT,2017-05-14,2017-05-13,1554,frozen_train_only,True
89P5UVQ0,2017-05-14,2017-05-13,1554,frozen_train_only,True
3372JYYQ,2017-05-15,2017-05-14,1575,frozen_train_only,True
KJHM27ZM,2017-05-15,2017-05-14,1575,frozen_train_only,True
7YT7NRV9,2017-05-15,2017-05-14,1575,frozen_train_only,True
X4FW4JR1,2017-05-15,2017-05-14,1575,frozen_train_only,True
XAC1J3TF,2017-05-15,2017-05-14,1575,frozen_train_only,True
ZIK2R3S7,2017-05-16,2017-05-15,1603,frozen_train_only,True
HF2DSIT5,2017-05-16,2017-05-15,1603,frozen_train_only,True
M3IMVC9G,2017-05-16,2017-05-15,1603,frozen_train_only,True
BTRIUUWG,2017-05-16,2017-05-15,1603,frozen_train_only,True
XRO7PMA2,2017-05-17,2017-05-16,1627,frozen_train_only,True
04OAV3CV,2017-05-17,2017-05-16,1627,frozen_train_only,True
8GV0BQTU,2017-05-17,2017-05-16,1627,frozen_train_only,True
3SEMPUU1,2017-05-17,2017-05-16,1627,frozen_train_only,True
0K59ZLQC,2017-05-18,2017-05-17,1655,frozen_train_only,True
2BXYT4PD,2017-05-18,2017-05-17,1655,frozen_train_only,True
2FMT1053,2017-05-18,2017-05-17,1655,frozen_train_only,True
HU970PDK,2017-05-18,2017-05-17,1655,frozen_train_only,True
D85PDC6S,2017-05-18,2017-05-17,1655,frozen_train_only,True
7D75QXBD,2017-05-18,2017-05-17,1655,frozen_train_only,True
N3GVE0VP,2017-05-18,2017-05-17,1655,frozen_train_only,True
OK39IHP1,2017-05-18,2017-05-17,1655,frozen_train_only,True
CX4ZLSDW,2017-05-18,2017-05-17,1655,frozen_train_only,True
UFL6ZQDV,2017-05-18,2017-05-17,1655,frozen_train_only,True
MGD7DZAU,2017-05-19,2017-05-18,1684,frozen_train_only,True
BRFHWGVC,2017-05-19,2017-05-18,1684,frozen_train_only,True
8Z4ZMS9U,2017-05-19,2017-05-18,1684,frozen_train_only,True
JL9ERNVY,2017-05-20,2017-05-19,1706,frozen_train_only,True
JM5GDLEF,2017-05-20,2017-05-19,1706,frozen_train_only,True
CX0SXNCN,2017-05-21,2017-05-20,1740,frozen_train_only,True
RE3UNESR,2017-05-21,2017-05-20,1740,frozen_train_only,True
PPUSV3RG,2017-05-21,2017-05-20,1740,frozen_train_only,True
WM7XURV6,2017-05-22,2017-05-21,1754,frozen_train_only,True
6I125KPN,2017-05-22,2017-05-21,1754,frozen_train_only,True
2YLXKON1,2017-05-22,2017-05-21,1754,frozen_train_only,True
ZJQKUIZ4,2017-05-22,2017-05-21,1754,frozen_train_only,True
WS3BIQ4S,2017-05-22,2017-05-21,1754,frozen_train_only,True
U177IWW0,2017-05-22,2017-05-21,1754,frozen_train_only,True
SWEQFKRF,2017-05-22,2017-05-21,1754,frozen_train_only,True
HYSOZRCG,2017-05-23,2017-05-22,1795,frozen_train_only,True
41RF80KQ,2017-05-23,2017-05-22,1795,frozen_train_only,True
CYB0NUCJ,2017-05-23,2017-05-22,1795,frozen_train_only,True
3H3TNCP5,2017-05-23,2017-05-22,1795,frozen_train_only,True
11V16SZZ,2017-05-24,2017-05-23,1820,frozen_train_only,True
3IWUUUCN,2017-05-24,2017-05-23,1820,frozen_train_only,True
K7TV5UBZ,2017-05-24,2017-05-23,1820,frozen_train_only,True
4G0X8VHP,2017-05-24,2017-05-23,1820,frozen_train_only,True
6BIZ2MB6,2017-05-24,2017-05-23,1820,frozen_train_only,True
0STR2QEA,2017-05-25,2017-05-24,1846,frozen_train_only,True
Y2EC6KYG,2017-05-25,2017-05-24,1846,frozen_train_only,True
2PI827MA,2017-05-25,2017-05-24,1846,frozen_train_only,True
ZK4S74FD,2017-05-25,2017-05-24,1846,frozen_train_only,True
E5V4WT18,2017-05-25,2017-05-24,1846,frozen_train_only,True
7AXR8U55,2017-05-26,2017-05-25,1871,frozen_train_only,True
7X0T2QOL,2017-05-26,2017-05-25,1871,frozen_train_only,True
7KKFQ7LX,2017-05-26,2017-05-25,1871,frozen_train_only,True
IBZI95HI,2017-05-26,2017-05-25,1871,frozen_train_only,True
3ATYY665,2017-05-26,2017-05-25,1871,frozen_train_only,True
EPSIB2JR,2017-05-26,2017-05-25,1871,frozen_train_only,True
G1L2YY5P,2017-05-26,2017-05-25,1871,frozen_train_only,True
DC2JL47C,2017-05-27,2017-05-26,1905,frozen_train_only,True
GMN9KQN2,2017-05-27,2017-05-26,1905,frozen_train_only,True
VXTVHC1Z,2017-05-28,2017-05-27,1938,frozen_train_only,True
BO1ZOZG2,2017-05-28,2017-05-27,1938,frozen_train_only,True
OERROEPM,2017-05-28,2017-05-27,1938,frozen_train_only,True
MWSPTOQK,2017-05-28,2017-05-27,1938,frozen_train_only,True
RY6T3GLC,2017-05-29,2017-05-28,1960,frozen_train_only,True
8G3HB5S6,2017-05-29,2017-05-28,1960,frozen_train_only,True
MPME6VZD,2017-05-29,2017-05-28,1960,frozen_train_only,True
EUYJDW9C,2017-05-29,2017-05-28,1960,frozen_train_only,True
YRTI0EKE,2017-05-29,2017-05-28,1960,frozen_train_only,True
UMXZFLO8,2017-05-29,2017-05-28,1960,frozen_train_only,True
QNVW1NSS,2017-05-30,2017-05-29,1983,frozen_train_only,True
GIPPUV2F,2017-05-31,2017-05-30,2014,frozen_train_only,True
HTBPSC2D,2017-05-31,2017-05-30,2014,frozen_train_only,True
SIBR2J01,2017-05-31,2017-05-30,2014,frozen_train_only,True
UGTXH980,2017-06-01,2017-05-31,2038,frozen_train_only,True
ZTVWSE98,2017-06-01,2017-05-31,2038,frozen_train_only,True
SPV7OJTH,2017-06-02,2017-06-01,2055,frozen_train_only,True
N7G1TU1X,2017-06-02,2017-06-01,2055,frozen_train_only,True
CUV49MUR,2017-06-02,2017-06-01,2055,frozen_train_only,True
7VMOJBPN,2017-06-03,2017-06-02,2081,frozen_train_only,True
YTGQKC7A,2017-06-03,2017-06-02,2081,frozen_train_only,True
F8QQEW1W,2017-06-04,2017-06-03,2100,frozen_train_only,True
4LXUITP3,2017-06-04,2017-06-03,2100,frozen_train_only,True
GXC8JN36,2017-06-04,2017-06-03,2100,frozen_train_only,True
XTE9XJTS,2017-06-04,2017-06-03,2100,frozen_train_only,True
PIFPDJMN,2017-06-05,2017-06-04,2126,frozen_train_only,True
7J0ZLDB1,2017-06-05,2017-06-04,2126,frozen_train_only,True
XQY4Z4KI,2017-06-06,2017-06-05,2148,frozen_train_only,True
9GYIYGHW,2017-06-06,2017-06-05,2148,frozen_train_only,True
DW29KM30,2017-06-07,2017-06-06,2174,frozen_train_only,True
RKVXBXBM,2017-06-07,2017-06-06,2174,frozen_train_only,True
C6TQMD3C,2017-06-07,2017-06-06,2174,frozen_train_only,True
IQMW1VDP,2017-06-07,2017-06-06,2174,frozen_train_only,True
R9AVNYCO,2017-06-07,2017-06-06,2174,frozen_train_only,True
G1AKE0NR,2017-06-07,2017-06-06,2174,frozen_train_only,True
AY3KTIXX,2017-06-08,2017-06-07,2191,frozen_train_only,True
S2J63YRV,2017-06-08,2017-06-07,2191,frozen_train_only,True
D17T8PTH,2017-06-08,2017-06-07,2191,frozen_train_only,True
FHM7LYZ3,2017-06-09,2017-06-08,2209,frozen_train_only,True
REO3FMSB,2017-06-09,2017-06-08,2209,frozen_train_only,True
BJJQSJD8,2017-06-09,2017-06-08,2209,frozen_train_only,True
T56J7ES7,2017-06-09,2017-06-08,2209,frozen_train_only,True
GG85QBTM,2017-06-10,2017-06-09,2225,frozen_train_only,True
LC2RIMSX,2017-06-10,2017-06-09,2225,frozen_train_only,True
RUAU1ORD,2017-06-10,2017-06-09,2225,frozen_train_only,True
ZI89S9HC,2017-06-11,2017-06-10,2246,frozen_train_only,True
5653N8BM,2017-06-11,2017-06-10,2246,frozen_train_only,True
477HSG28,2017-06-11,2017-06-10,2246,frozen_train_only,True
YT34YUZN,2017-06-12,2017-06-11,2282,frozen_train_only,True
MCA0202R,2017-06-12,2017-06-11,2282,frozen_train_only,True
3A7G5K0E,2017-06-12,2017-06-11,2282,frozen_train_only,True
WWCMITY9,2017-06-12,2017-06-11,2282,frozen_train_only,True
TNWCER5C,2017-06-12,2017-06-11,2282,frozen_train_only,True
SE6OIGYN,2017-06-12,2017-06-11,2282,frozen_train_only,True
WTAM4BED,2017-06-13,2017-06-12,2302,frozen_train_only,True
7HSRDCCK,2017-06-13,2017-06-12,2302,frozen_train_only,True
WA4TPQ5U,2017-06-13,2017-06-12,2302,frozen_train_only,True
C7ODMOS2,2017-06-13,2017-06-12,2302,frozen_train_only,True
JS5N8USN,2017-06-14,2017-06-13,2320,frozen_train_only,True
3VC45PML,2017-06-14,2017-06-13,2320,frozen_train_only,True
5URQT67R,2017-06-14,2017-06-13,2320,frozen_train_only,True
YX4E972E,2017-06-14,2017-06-13,2320,frozen_train_only,True
ZU3GICE9,2017-06-15,2017-06-14,2339,frozen_train_only,True
OXNWRI4I,2017-06-15,2017-06-14,2339,frozen_train_only,True
HKV37WU9,2017-06-15,2017-06-14,2339,frozen_train_only,True
YXXWQA4G,2017-06-15,2017-06-14,2339,frozen_train_only,True
L1YN7LDL,2017-06-16,2017-06-15,2356,frozen_train_only,True
NEFPSWOJ,2017-06-16,2017-06-15,2356,frozen_train_only,True
PFKDTEYU,2017-06-16,2017-06-15,2356,frozen_train_only,True
3C5GNT3Q,2017-06-16,2017-06-15,2356,frozen_train_only,True
0LRVHITK,2017-06-16,2017-06-15,2356,frozen_train_only,True
HABN7JBG,2017-06-17,2017-06-16,2380,frozen_train_only,True
2O76H591,2017-06-17,2017-06-16,2380,frozen_train_only,True
KSOW4MUK,2017-06-17,2017-06-16,2380,frozen_train_only,True
FHYD80FB,2017-06-17,2017-06-16,2380,frozen_train_only,True
1ORXGKVH,2017-06-17,2017-06-16,2380,frozen_train_only,True
EGEJA2HY,2017-06-17,2017-06-16,2380,frozen_train_only,True
TIPG6R0Z,2017-06-17,2017-06-16,2380,frozen_train_only,True
H3DYTZIQ,2017-06-18,2017-06-17,2400,frozen_train_only,True
HEWKNHTH,2017-06-18,2017-06-17,2400,frozen_train_only,True
EFIR7HGR,2017-06-18,2017-06-17,2400,frozen_train_only,True
H176AX96,2017-06-18,2017-06-17,2400,frozen_train_only,True
XU836DFA,2017-06-18,2017-06-17,2400,frozen_train_only,True
961ED0B1,2017-06-19,2017-06-18,2419,frozen_train_only,True
LLQCQOCR,2017-06-19,2017-06-18,2419,frozen_train_only,True
54OH0061,2017-06-19,2017-06-18,2419,frozen_train_only,True
PCVNB0NO,2017-06-19,2017-06-18,2419,frozen_train_only,True
WEKW3XIN,2017-06-20,2017-06-19,2436,frozen_train_only,True
E29GOFUV,2017-06-20,2017-06-19,2436,frozen_train_only,True
2MKG6ZDD,2017-06-20,2017-06-19,2436,frozen_train_only,True
RUFJMV3I,2017-06-20,2017-06-19,2436,frozen_train_only,True
KDPBAHOJ,2017-06-20,2017-06-19,2436,frozen_train_only,True
96798U7Y,2017-06-20,2017-06-19,2436,frozen_train_only,True
B6Z5NFV0,2017-06-20,2017-06-19,2436,frozen_train_only,True
VH6OFWCV,2017-06-20,2017-06-19,2436,frozen_train_only,True
BJO4VYLK,2017-06-21,2017-06-20,2455,frozen_train_only,True
14CNQKX8,2017-06-21,2017-06-20,2455,frozen_train_only,True
VHZFABAC,2017-06-22,2017-06-21,2478,frozen_train_only,True
10THTNLC,2017-06-22,2017-06-21,2478,frozen_train_only,True
QU6CFZ22,2017-06-23,2017-06-22,2502,frozen_train_only,True
BJOY31DL,2017-06-23,2017-06-22,2502,frozen_train_only,True
O9WYT5ST,2017-06-23,2017-06-22,2502,frozen_train_only,True
EBLSL27F,2017-06-24,2017-06-23,2521,frozen_train_only,True
13FIM9V3,2017-06-24,2017-06-23,2521,frozen_train_only,True
74KGIZW4,2017-06-24,2017-06-23,2521,frozen_train_only,True
HSYU33MS,2017-06-24,2017-06-23,2521,frozen_train_only,True
Z6R4KJFU,2017-06-25,2017-06-24,2543,frozen_train_only,True
24REVMX7,2017-06-25,2017-06-24,2543,frozen_train_only,True
AW4PSTWR,2017-06-25,2017-06-24,2543,frozen_train_only,True
2FNTCPOU,2017-06-25,2017-06-24,2543,frozen_train_only,True
A8QRKXG3,2017-06-25,2017-06-24,2543,frozen_train_only,True
S2SC8AP7,2017-06-25,2017-06-24,2543,frozen_train_only,True
ZT52DT8H,2017-06-26,2017-06-25,2565,frozen_train_only,True
ND0OV6MQ,2017-06-26,2017-06-25,2565,frozen_train_only,True
23NAJF9W,2017-06-26,2017-06-25,2565,frozen_train_only,True
HTF7TYQS,2017-06-27,2017-06-26,2591,frozen_train_only,True
R443AUAG,2017-06-27,2017-06-26,2591,frozen_train_only,True
V71FMJBD,2017-06-28,2017-06-27,2622,frozen_train_only,True
SZAMHBGA,2017-06-28,2017-06-27,2622,frozen_train_only,True
ZD1X3R4G,2017-06-29,2017-06-28,2648,frozen_train_only,True
EMUG64GW,2017-06-29,2017-06-28,2648,frozen_train_only,True
XYRO1TLJ,2017-06-29,2017-06-28,2648,frozen_train_only,True
T4FR3FAC,2017-06-29,2017-06-28,2648,frozen_train_only,True
BMH2FEGF,2017-06-30,2017-06-29,2661,frozen_train_only,True
3T23AW36,2017-06-30,2017-06-29,2661,frozen_train_only,True
JUHQ1POT,2017-07-01,2017-06-30,2679,frozen_train_only,True
FOJG3OCO,2017-07-01,2017-06-30,2679,frozen_train_only,True
04SCU6DK,2017-07-01,2017-06-30,2679,frozen_train_only,True
AR33M33M,2017-07-01,2017-06-30,2679,frozen_train_only,True
VSYO182N,2017-07-01,2017-06-30,2679,frozen_train_only,True
BCA6Y34B,2017-07-01,2017-06-30,2679,frozen_train_only,True
H9N9DP3D,2017-07-01,2017-06-30,2679,frozen_train_only,True
WQAKXOYU,2017-07-02,2017-07-01,2699,frozen_train_only,True
HAUB1NBF,2017-07-02,2017-07-01,2699,frozen_train_only,True
Z9S1ZX7W,2017-07-02,2017-07-01,2699,frozen_train_only,True
HLDA8IA1,2017-07-02,2017-07-01,2699,frozen_train_only,True
4EGO7VCJ,2017-07-02,2017-07-01,2699,frozen_train_only,True
HIV4W2E0,2017-07-02,2017-07-01,2699,frozen_train_only,True
35LLMROC,2017-07-03,2017-07-02,2721,frozen_train_only,True
49T60OCI,2017-07-04,2017-07-03,2749,frozen_train_only,True
W07RZO17,2017-07-04,2017-07-03,2749,frozen_train_only,True
UGB3A3CE,2017-07-04,2017-07-03,2749,frozen_train_only,True
AWORM94L,2017-07-05,2017-07-04,2771,frozen_train_only,True
SXYJU7LC,2017-07-05,2017-07-04,2771,frozen_train_only,True
QP0QCP8Y,2017-07-05,2017-07-04,2771,frozen_train_only,True
K7056XS7,2017-07-05,2017-07-04,2771,frozen_train_only,True
BRFZCNMP,2017-07-06,2017-07-05,2790,frozen_train_only,True
E2KGQVEO,2017-07-06,2017-07-05,2790,frozen_train_only,True
81PWOUF0,2017-07-06,2017-07-05,2790,frozen_train_only,True
CFI2GXN1,2017-07-07,2017-07-06,2818,frozen_train_only,True
5M5TW9RC,2017-07-07,2017-07-06,2818,frozen_train_only,True
K1K48OTP,2017-07-07,2017-07-06,2818,frozen_train_only,True
YYTZSTL0,2017-07-07,2017-07-06,2818,frozen_train_only,True
ORM1IRQ2,2017-07-07,2017-07-06,2818,frozen_train_only,True
QU220OFI,2017-07-08,2017-07-07,2841,frozen_train_only,True
B3A6VXVQ,2017-07-08,2017-07-07,2841,frozen_train_only,True
QKXCMJVB,2017-07-08,2017-07-07,2841,frozen_train_only,True
0D37PQA0,2017-07-08,2017-07-07,2841,frozen_train_only,True
D193SPY4,2017-07-08,2017-07-07,2841,frozen_train_only,True
NK1B8YME,2017-07-09,2017-07-08,2855,frozen_train_only,True
OT26ZUZ7,2017-07-09,2017-07-08,2855,frozen_train_only,True
HI9S2MRZ,2017-07-09,2017-07-08,2855,frozen_train_only,True
6AO6E15O,2017-07-09,2017-07-08,2855,frozen_train_only,True
OW9OM3UO,2017-07-09,2017-07-08,2855,frozen_train_only,True
CQYAMIQ3,2017-07-09,2017-07-08,2855,frozen_train_only,True
QV3TAWDT,2017-07-10,2017-07-09,2881,frozen_train_only,True
USJWM3F3,2017-07-10,2017-07-09,2881,frozen_train_only,True
0T9KUEQ2,2017-07-11,2017-07-10,2896,frozen_train_only,True
JB3J080M,2017-07-11,2017-07-10,2896,frozen_train_only,True
21OMR381,2017-07-12,2017-07-11,2914,frozen_train_only,True
X9HFP474,2017-07-12,2017-07-11,2914,frozen_train_only,True
R0XNAFUB,2017-07-12,2017-07-11,2914,frozen_train_only,True
4LOHS2AJ,2017-07-13,2017-07-12,2938,frozen_train_only,True
8JH8YA79,2017-07-14,2017-07-13,2957,frozen_train_only,True
8BYEALF9,2017-07-14,2017-07-13,2957,frozen_train_only,True
YVDQ80A0,2017-07-15,2017-07-14,2975,frozen_train_only,True
CI9S6CST,2017-07-15,2017-07-14,2975,frozen_train_only,True
ISQJD695,2017-07-16,2017-07-14,2975,frozen_train_only,True
M2A8EY5Q,2017-07-16,2017-07-14,2975,frozen_train_only,True
3CB3WNBM,2017-07-17,2017-07-14,2975,frozen_train_only,True
EJDRMHNC,2017-07-17,2017-07-14,2975,frozen_train_only,True
O8C2G4G2,2017-07-17,2017-07-14,2975,frozen_train_only,True
HBN3R2TJ,2017-07-17,2017-07-14,2975,frozen_train_only,True
7A3R2M9T,2017-07-17,2017-07-14,2975,frozen_train_only,True
O28I4VDY,2017-07-18,2017-07-14,2975,frozen_train_only,True
XRWMLGOG,2017-07-18,2017-07-14,2975,frozen_train_only,True
MIXJ9F4F,2017-07-18,2017-07-14,2975,frozen_train_only,True
39EYEBMK,2017-07-18,2017-07-14,2975,frozen_train_only,True
LAYVBSH4,2017-07-19,2017-07-14,2975,frozen_train_only,True
055Z2OAS,2017-07-19,2017-07-14,2975,frozen_train_only,True
Q9VC6GV0,2017-07-19,2017-07-14,2975,frozen_train_only,True
8D8JOXP6,2017-07-19,2017-07-14,2975,frozen_train_only,True
IPHP2GVT,2017-07-19,2017-07-14,2975,frozen_train_only,True
X8M3SCVF,2017-07-19,2017-07-14,2975,frozen_train_only,True
I3KQNE9V,2017-07-19,2017-07-14,2975,frozen_train_only,True
NU4ACGMY,2017-07-19,2017-07-14,2975,frozen_train_only,True
CCLIVXMG,2017-07-19,2017-07-14,2975,frozen_train_only,True
LDK61ORQ,2017-07-19,2017-07-14,2975,frozen_train_only,True
PQOHTS9I,2017-07-19,2017-07-14,2975,frozen_train_only,True
LORMJLTE,2017-07-19,2017-07-14,2975,frozen_train_only,True
HIVUC1C4,2017-07-19,2017-07-14,2975,frozen_train_only,True
E3XLWCWX,2017-07-19,2017-07-14,2975,frozen_train_only,True
7LD79NYD,2017-07-19,2017-07-14,2975,frozen_train_only,True
BKOWQMMV,2017-07-19,2017-07-14,2975,frozen_train_only,True
2WDSO6PG,2017-07-19,2017-07-14,2975,frozen_train_only,True
IQFDPIND,2017-07-19,2017-07-14,2975,frozen_train_only,True
JHCA115A,2017-07-19,2017-07-14,2975,frozen_train_only,True
DMG5EOFC,2017-07-19,2017-07-14,2975,frozen_train_only,True
ZGFB0IF1,2017-07-20,2017-07-14,2975,frozen_train_only,True
LD4F6QTP,2017-07-20,2017-07-14,2975,frozen_train_only,True
1FEHFRKX,2017-07-20,2017-07-14,2975,frozen_train_only,True
DNBR1VHP,2017-07-20,2017-07-14,2975,frozen_train_only,True
1R2CLEGQ,2017-07-20,2017-07-14,2975,frozen_train_only,True
NSO0UHK1,2017-07-20,2017-07-14,2975,frozen_train_only,True
LHBWJAD3,2017-07-20,2017-07-14,2975,frozen_train_only,True
KRWKDPWW,2017-07-20,2017-07-14,2975,frozen_train_only,True
6V7FT2YU,2017-07-20,2017-07-14,2975,frozen_train_only,True
OI3UIKVF,2017-07-20,2017-07-14,2975,frozen_train_only,True
GY10EROJ,2017-07-20,2017-07-14,2975,frozen_train_only,True
90G292UY,2017-07-20,2017-07-14,2975,frozen_train_only,True
JDHHDOX8,2017-07-20,2017-07-14,2975,frozen_train_only,True
KTWP0SMT,2017-07-20,2017-07-14,2975,frozen_train_only,True
29W6WPLA,2017-07-20,2017-07-14,2975,frozen_train_only,True
CDVDL9I5,2017-07-20,2017-07-14,2975,frozen_train_only,True
PJ75Q8VM,2017-07-20,2017-07-14,2975,frozen_train_only,True
0NSRB3EO,2017-07-20,2017-07-14,2975,frozen_train_only,True
TDJ3N8EJ,2017-07-20,2017-07-14,2975,frozen_train_only,True
7439NGIG,2017-07-20,2017-07-14,2975,frozen_train_only,True
3JW6CZ7K,2017-07-20,2017-07-14,2975,frozen_train_only,True
F3EOBN5A,2017-07-20,2017-07-14,2975,frozen_train_only,True
AERVH1AC,2017-07-20,2017-07-14,2975,frozen_train_only,True
BBOWBQA6,2017-07-20,2017-07-14,2975,frozen_train_only,True
GEQ7KT9J,2017-07-20,2017-07-14,2975,frozen_train_only,True
S50ETCN7,2017-07-21,2017-07-14,2975,frozen_train_only,True
0KRVN3V5,2017-07-21,2017-07-14,2975,frozen_train_only,True
UJ58VMZT,2017-07-21,2017-07-14,2975,frozen_train_only,True
E8GD44YC,2017-07-21,2017-07-14,2975,frozen_train_only,True
A3T91VUM,2017-07-21,2017-07-14,2975,frozen_train_only,True
S6YZO6UQ,2017-07-21,2017-07-14,2975,frozen_train_only,True
PI45UJKA,2017-07-21,2017-07-14,2975,frozen_train_only,True
T9QD8U1Y,2017-07-21,2017-07-14,2975,frozen_train_only,True
WLDFQR7Z,2017-07-21,2017-07-14,2975,frozen_train_only,True
PNISVWNN,2017-07-21,2017-07-14,2975,frozen_train_only,True
0HVUV9OY,2017-07-21,2017-07-14,2975,frozen_train_only,True
GVJFKHNL,2017-07-21,2017-07-14,2975,frozen_train_only,True
COSC7XVA,2017-07-21,2017-07-14,2975,frozen_train_only,True
WARBRUXU,2017-07-21,2017-07-14,2975,frozen_train_only,True
02K37JAK,2017-07-21,2017-07-14,2975,frozen_train_only,True
6F5TIV66,2017-07-21,2017-07-14,2975,frozen_train_only,True
HTEAOHFO,2017-07-21,2017-07-14,2975,frozen_train_only,True
VJ9K12PY,2017-07-21,2017-07-14,2975,frozen_train_only,True
MV7I9RKH,2017-07-21,2017-07-14,2975,frozen_train_only,True
CBQRKYZP,2017-07-21,2017-07-14,2975,frozen_train_only,True
ETLF2H4K,2017-07-21,2017-07-14,2975,frozen_train_only,True
XVB2CGL6,2017-07-21,2017-07-14,2975,frozen_train_only,True
GE4QGOCI,2017-07-21,2017-07-14,2975,frozen_train_only,True
3YDXZ4FA,2017-07-21,2017-07-14,2975,frozen_train_only,True
EUBMHJGQ,2017-07-21,2017-07-14,2975,frozen_train_only,True
R69OYH4Z,2017-07-21,2017-07-14,2975,frozen_train_only,True
S0Z4QVL2,2017-07-21,2017-07-14,2975,frozen_train_only,True
I9SPENCQ,2017-07-21,2017-07-14,2975,frozen_train_only,True
REAFB3C3,2017-07-21,2017-07-14,2975,frozen_train_only,True
0Z8ZAS2M,2017-07-21,2017-07-14,2975,frozen_train_only,True
VRCYXSP1,2017-07-21,2017-07-14,2975,frozen_train_only,True
QRR70537,2017-07-22,2017-07-14,2975,frozen_train_only,True
T4AW06MM,2017-07-22,2017-07-14,2975,frozen_train_only,True
FEFNNXH1,2017-07-22,2017-07-14,2975,frozen_train_only,True
3DATPTEH,2017-07-22,2017-07-14,2975,frozen_train_only,True
FT5U6NIG,2017-07-22,2017-07-14,2975,frozen_train_only,True
RQF6II3D,2017-07-22,2017-07-14,2975,frozen_train_only,True
E9J482PX,2017-07-22,2017-07-14,2975,frozen_train_only,True
8QDSXHQ8,2017-07-22,2017-07-14,2975,frozen_train_only,True
5DQZSOBE,2017-07-22,2017-07-14,2975,frozen_train_only,True
OT5G3M9A,2017-07-22,2017-07-14,2975,frozen_train_only,True
TQQDICC6,2017-07-22,2017-07-14,2975,frozen_train_only,True
P66UXGPS,2017-07-22,2017-07-14,2975,frozen_train_only,True
FY5MBCWQ,2017-07-22,2017-07-14,2975,frozen_train_only,True
UAX2OR58,2017-07-22,2017-07-14,2975,frozen_train_only,True
YBY3PA1S,2017-07-22,2017-07-14,2975,frozen_train_only,True
751V8OFM,2017-07-22,2017-07-14,2975,frozen_train_only,True
33BMGHPN,2017-07-22,2017-07-14,2975,frozen_train_only,True
XNHTLVT1,2017-07-22,2017-07-14,2975,frozen_train_only,True
8TFYRWZ6,2017-07-22,2017-07-14,2975,frozen_train_only,True
E26Z10W7,2017-07-22,2017-07-14,2975,frozen_train_only,True
ZTQD4PLQ,2017-07-22,2017-07-14,2975,frozen_train_only,True
2CZUU9E0,2017-07-22,2017-07-14,2975,frozen_train_only,True
I2ESAAIK,2017-07-22,2017-07-14,2975,frozen_train_only,True
IMLG35AP,2017-07-22,2017-07-14,2975,frozen_train_only,True
0T2CY70E,2017-07-22,2017-07-14,2975,frozen_train_only,True
AWCGYWTE,2017-07-22,2017-07-14,2975,frozen_train_only,True
UJTU7DUB,2017-07-22,2017-07-14,2975,frozen_train_only,True
JOLNKYNH,2017-07-22,2017-07-14,2975,frozen_train_only,True
TV2M081C,2017-07-22,2017-07-14,2975,frozen_train_only,True
SJGOQMLT,2017-07-22,2017-07-14,2975,frozen_train_only,True
MM79TSUR,2017-07-22,2017-07-14,2975,frozen_train_only,True
INLVV78V,2017-07-22,2017-07-14,2975,frozen_train_only,True
4JTH72JR,2017-07-22,2017-07-14,2975,frozen_train_only,True
TTKPNDTP,2017-07-22,2017-07-14,2975,frozen_train_only,True
QELHQ898,2017-07-22,2017-07-14,2975,frozen_train_only,True
J732416R,2017-07-23,2017-07-14,2975,frozen_train_only,True
IAUXJ05J,2017-07-23,2017-07-14,2975,frozen_train_only,True
G7H64S20,2017-07-23,2017-07-14,2975,frozen_train_only,True
9Q7NSPTF,2017-07-23,2017-07-14,2975,frozen_train_only,True
ZRCQXB38,2017-07-23,2017-07-14,2975,frozen_train_only,True
EJJCUJ3P,2017-07-23,2017-07-14,2975,frozen_train_only,True
ODFL6HOF,2017-07-23,2017-07-14,2975,frozen_train_only,True
Q1HNDPKW,2017-07-23,2017-07-14,2975,frozen_train_only,True
6GG9CSTV,2017-07-23,2017-07-14,2975,frozen_train_only,True
5WSQ6D2E,2017-07-23,2017-07-14,2975,frozen_train_only,True
K6MTPSB5,2017-07-23,2017-07-14,2975,frozen_train_only,True
D2QPN9LN,2017-07-23,2017-07-14,2975,frozen_train_only,True
021Z2J9L,2017-07-23,2017-07-14,2975,frozen_train_only,True
EYBMEX1Z,2017-07-23,2017-07-14,2975,frozen_train_only,True
G1M1KVHU,2017-07-23,2017-07-14,2975,frozen_train_only,True
LXS3Z82E,2017-07-23,2017-07-14,2975,frozen_train_only,True
S3LATQVJ,2017-07-23,2017-07-14,2975,frozen_train_only,True
P3Z2LYCL,2017-07-23,2017-07-14,2975,frozen_train_only,True
MIGDLH14,2017-07-23,2017-07-14,2975,frozen_train_only,True
7FZ9CBZ3,2017-07-24,2017-07-14,2975,frozen_train_only,True
513PSPBN,2017-07-24,2017-07-14,2975,frozen_train_only,True
11LIZUQE,2017-07-24,2017-07-14,2975,frozen_train_only,True
0TC6I9SJ,2017-07-24,2017-07-14,2975,frozen_train_only,True
WGFTBY3W,2017-07-24,2017-07-14,2975,frozen_train_only,True
NCCB118E,2017-07-24,2017-07-14,2975,frozen_train_only,True
WSQHC199,2017-07-24,2017-07-14,2975,frozen_train_only,True
VV6T07G4,2017-07-24,2017-07-14,2975,frozen_train_only,True
7OZ7L8BB,2017-07-24,2017-07-14,2975,frozen_train_only,True
RTWAUR7C,2017-07-24,2017-07-14,2975,frozen_train_only,True
QGXJLNK1,2017-07-24,2017-07-14,2975,frozen_train_only,True
E3Z74U5K,2017-07-24,2017-07-14,2975,frozen_train_only,True
Q3HHDSDS,2017-07-24,2017-07-14,2975,frozen_train_only,True
0S6OQ9AO,2017-07-24,2017-07-14,2975,frozen_train_only,True
7AFBJFP5,2017-07-24,2017-07-14,2975,frozen_train_only,True
7MP6KLZO,2017-07-24,2017-07-14,2975,frozen_train_only,True
2TYZRE2R,2017-07-24,2017-07-14,2975,frozen_train_only,True
H2FCUPHJ,2017-07-24,2017-07-14,2975,frozen_train_only,True
806KPNNN,2017-07-24,2017-07-14,2975,frozen_train_only,True
8Y4LJOJ0,2017-07-24,2017-07-14,2975,frozen_train_only,True
Z7EBMMAE,2017-07-24,2017-07-14,2975,frozen_train_only,True
KT4OEP4X,2017-07-24,2017-07-14,2975,frozen_train_only,True
ODHVHXKS,2017-07-24,2017-07-14,2975,frozen_train_only,True
SZS2IPM3,2017-07-24,2017-07-14,2975,frozen_train_only,True
YY2DWBG5,2017-07-24,2017-07-14,2975,frozen_train_only,True
P91SQBST,2017-07-25,2017-07-14,2975,frozen_train_only,True
4DLY9ZDH,2017-07-25,2017-07-14,2975,frozen_train_only,True
ZNEQXZZK,2017-07-25,2017-07-14,2975,frozen_train_only,True
VVO21D4Z,2017-07-25,2017-07-14,2975,frozen_train_only,True
SXFE42KG,2017-07-25,2017-07-14,2975,frozen_train_only,True
APIB681L,2017-07-25,2017-07-14,2975,frozen_train_only,True
TFSKOBH7,2017-07-25,2017-07-14,2975,frozen_train_only,True
LUTZ8UQM,2017-07-25,2017-07-14,2975,frozen_train_only,True
1QKDD1OI,2017-07-25,2017-07-14,2975,frozen_train_only,True
2GFL3TAF,2017-07-25,2017-07-14,2975,frozen_train_only,True
CUSWE9PB,2017-07-25,2017-07-14,2975,frozen_train_only,True
XFCKQ7RI,2017-07-25,2017-07-14,2975,frozen_train_only,True
PQL5GITI,2017-07-25,2017-07-14,2975,frozen_train_only,True
8AK3KGFA,2017-07-25,2017-07-14,2975,frozen_train_only,True
7F2DDW3C,2017-07-25,2017-07-14,2975,frozen_train_only,True
BEDNZXVE,2017-07-25,2017-07-14,2975,frozen_train_only,True
CGFLLZZI,2017-07-25,2017-07-14,2975,frozen_train_only,True
GZ6SFRAT,2017-07-25,2017-07-14,2975,frozen_train_only,True
JH643YRI,2017-07-25,2017-07-14,2975,frozen_train_only,True
YCQTM2BQ,2017-07-25,2017-07-14,2975,frozen_train_only,True
Y3TOQUQI,2017-07-25,2017-07-14,2975,frozen_train_only,True
RV5Y8DRY,2017-07-25,2017-07-14,2975,frozen_train_only,True
HJRM13DI,2017-07-25,2017-07-14,2975,frozen_train_only,True
G2XP6IGJ,2017-07-25,2017-07-14,2975,frozen_train_only,True
MLD3WEJC,2017-07-25,2017-07-14,2975,frozen_train_only,True
DZP0MNRM,2017-07-25,2017-07-14,2975,frozen_train_only,True
OBC504T8,2017-07-25,2017-07-14,2975,frozen_train_only,True
CMW6IQJI,2017-07-25,2017-07-14,2975,frozen_train_only,True
8ODHXBNE,2017-07-25,2017-07-14,2975,frozen_train_only,True
VO1YR5CY,2017-07-25,2017-07-14,2975,frozen_train_only,True
FHPRER2D,2017-07-25,2017-07-14,2975,frozen_train_only,True
UVCHXUIG,2017-07-26,2017-07-14,2975,frozen_train_only,True
V02WMIWK,2017-07-26,2017-07-14,2975,frozen_train_only,True
37UCYEDY,2017-07-26,2017-07-14,2975,frozen_train_only,True
1976N63N,2017-07-26,2017-07-14,2975,frozen_train_only,True
7TFHGN6O,2017-07-26,2017-07-14,2975,frozen_train_only,True
L6223VHA,2017-07-26,2017-07-14,2975,frozen_train_only,True
TJ7PNIXL,2017-07-26,2017-07-14,2975,frozen_train_only,True
VMBM5EKL,2017-07-26,2017-07-14,2975,frozen_train_only,True
8TD2LLOF,2017-07-26,2017-07-14,2975,frozen_train_only,True
7RLLNAYC,2017-07-26,2017-07-14,2975,frozen_train_only,True
BRDB1I76,2017-07-26,2017-07-14,2975,frozen_train_only,True
EFKPYBI9,2017-07-26,2017-07-14,2975,frozen_train_only,True
PW9DTZON,2017-07-26,2017-07-14,2975,frozen_train_only,True
G0DTQHIC,2017-07-26,2017-07-14,2975,frozen_train_only,True
FPLXC8Z3,2017-07-26,2017-07-14,2975,frozen_train_only,True
OD895EQM,2017-07-26,2017-07-14,2975,frozen_train_only,True
KPH05GU8,2017-07-26,2017-07-14,2975,frozen_train_only,True
VBB0LCEN,2017-07-26,2017-07-14,2975,frozen_train_only,True
IK7LMFER,2017-07-26,2017-07-14,2975,frozen_train_only,True
P3K1DVYB,2017-07-26,2017-07-14,2975,frozen_train_only,True
BB1PRS3T,2017-07-26,2017-07-14,2975,frozen_train_only,True
WQ5U8PPM,2017-07-26,2017-07-14,2975,frozen_train_only,True
Q5GNQ823,2017-07-26,2017-07-14,2975,frozen_train_only,True
T50TV9SO,2017-07-26,2017-07-14,2975,frozen_train_only,True
N9GIC5PC,2017-07-27,2017-07-14,2975,frozen_train_only,True
1T5WFCEJ,2017-07-27,2017-07-14,2975,frozen_train_only,True
1XJFMYCW,2017-07-27,2017-07-14,2975,frozen_train_only,True
YYU1J6E1,2017-07-27,2017-07-14,2975,frozen_train_only,True
KPYCCBQA,2017-07-27,2017-07-14,2975,frozen_train_only,True
SSK95WLX,2017-07-27,2017-07-14,2975,frozen_train_only,True
PQ104BT2,2017-07-27,2017-07-14,2975,frozen_train_only,True
GQ7H31ZJ,2017-07-27,2017-07-14,2975,frozen_train_only,True
9B7FS6YL,2017-07-27,2017-07-14,2975,frozen_train_only,True
M6JT5RL8,2017-07-27,2017-07-14,2975,frozen_train_only,True
45H84LNT,2017-07-27,2017-07-14,2975,frozen_train_only,True
E8MIFXOH,2017-07-27,2017-07-14,2975,frozen_train_only,True
UO8DLVVQ,2017-07-27,2017-07-14,2975,frozen_train_only,True
R7H0M07R,2017-07-27,2017-07-14,2975,frozen_train_only,True
JQ5AOYQ8,2017-07-27,2017-07-14,2975,frozen_train_only,True
G7RZTAMV,2017-07-27,2017-07-14,2975,frozen_train_only,True
82K9NWKO,2017-07-27,2017-07-14,2975,frozen_train_only,True
RFXH6VDX,2017-07-27,2017-07-14,2975,frozen_train_only,True
64KHY8MT,2017-07-27,2017-07-14,2975,frozen_train_only,True
5PWO4RPC,2017-07-27,2017-07-14,2975,frozen_train_only,True
PU62ZGX4,2017-07-27,2017-07-14,2975,frozen_train_only,True
EVDKJDY3,2017-07-27,2017-07-14,2975,frozen_train_only,True
WX546S1D,2017-07-27,2017-07-14,2975,frozen_train_only,True
S2Y2Q1D2,2017-07-27,2017-07-14,2975,frozen_train_only,True
PYRLUYIQ,2017-07-27,2017-07-14,2975,frozen_train_only,True
EN8JHUXA,2017-07-27,2017-07-14,2975,frozen_train_only,True
I3IRJZRL,2017-07-27,2017-07-14,2975,frozen_train_only,True
51H02FX1,2017-07-27,2017-07-14,2975,frozen_train_only,True
9SRD5NCR,2017-07-27,2017-07-14,2975,frozen_train_only,True
18YA4UUP,2017-07-27,2017-07-14,2975,frozen_train_only,True
WVT3X6IC,2017-07-27,2017-07-14,2975,frozen_train_only,True
VD2KHXRY,2017-07-27,2017-07-14,2975,frozen_train_only,True
P7MSQO38,2017-07-28,2017-07-14,2975,frozen_train_only,True
10QE4JCA,2017-07-28,2017-07-14,2975,frozen_train_only,True
DXRG254A,2017-07-28,2017-07-14,2975,frozen_train_only,True
X33HL9WS,2017-07-28,2017-07-14,2975,frozen_train_only,True
9Z2WTTNY,2017-07-28,2017-07-14,2975,frozen_train_only,True
ZJLW1OPF,2017-07-28,2017-07-14,2975,frozen_train_only,True
Q62JFLLD,2017-07-28,2017-07-14,2975,frozen_train_only,True
3PPHOXTT,2017-07-28,2017-07-14,2975,frozen_train_only,True
N07XYH50,2017-07-28,2017-07-14,2975,frozen_train_only,True
VIFA2I18,2017-07-28,2017-07-14,2975,frozen_train_only,True
7K31BXX3,2017-07-28,2017-07-14,2975,frozen_train_only,True
V3G1HBTZ,2017-07-28,2017-07-14,2975,frozen_train_only,True
XV41LZYE,2017-07-28,2017-07-14,2975,frozen_train_only,True
0RI2I8ZL,2017-07-28,2017-07-14,2975,frozen_train_only,True
7W9S4DCZ,2017-07-28,2017-07-14,2975,frozen_train_only,True
3L3W9W8I,2017-07-28,2017-07-14,2975,frozen_train_only,True
WL6CZ7N4,2017-07-28,2017-07-14,2975,frozen_train_only,True
M5FP7HGQ,2017-07-28,2017-07-14,2975,frozen_train_only,True
SJ3QA8KP,2017-07-28,2017-07-14,2975,frozen_train_only,True
M2ZRU2UH,2017-07-28,2017-07-14,2975,frozen_train_only,True
NX2EICNQ,2017-07-28,2017-07-14,2975,frozen_train_only,True
T0TDA2O1,2017-07-29,2017-07-14,2975,frozen_train_only,True
B1ZN2CFP,2017-07-29,2017-07-14,2975,frozen_train_only,True
3A2CCWEG,2017-07-29,2017-07-14,2975,frozen_train_only,True
4QQOSYGL,2017-07-29,2017-07-14,2975,frozen_train_only,True
NJNY07JZ,2017-07-29,2017-07-14,2975,frozen_train_only,True
UWI771ZX,2017-07-29,2017-07-14,2975,frozen_train_only,True
YI1V6SOX,2017-07-29,2017-07-14,2975,frozen_train_only,True
PNTHPFHY,2017-07-29,2017-07-14,2975,frozen_train_only,True
2I7IFY8D,2017-07-29,2017-07-14,2975,frozen_train_only,True
T1SITEI0,2017-07-29,2017-07-14,2975,frozen_train_only,True
3FI1J4VO,2017-07-29,2017-07-14,2975,frozen_train_only,True
7BKYKVF2,2017-07-29,2017-07-14,2975,frozen_train_only,True
6US3WW0M,2017-07-29,2017-07-14,2975,frozen_train_only,True
9M72KPA3,2017-07-29,2017-07-14,2975,frozen_train_only,True
4OYGRQGO,2017-07-29,2017-07-14,2975,frozen_train_only,True
SPMQ0BHA,2017-07-29,2017-07-14,2975,frozen_train_only,True
ERTQ4SN3,2017-07-29,2017-07-14,2975,frozen_train_only,True
FQI66XXN,2017-07-29,2017-07-14,2975,frozen_train_only,True
1RXGKOUE,2017-07-29,2017-07-14,2975,frozen_train_only,True
G40058T1,2017-07-29,2017-07-14,2975,frozen_train_only,True
TQZLDFIJ,2017-07-29,2017-07-14,2975,frozen_train_only,True
3SD04QJ4,2017-07-29,2017-07-14,2975,frozen_train_only,True
ERD6D5K3,2017-07-30,2017-07-14,2975,frozen_train_only,True
VVM42VWQ,2017-07-30,2017-07-14,2975,frozen_train_only,True
MK380H70,2017-07-30,2017-07-14,2975,frozen_train_only,True
5SNCUQ8Z,2017-07-30,2017-07-14,2975,frozen_train_only,True
SP9W5IND,2017-07-30,2017-07-14,2975,frozen_train_only,True
P9EJ68SM,2017-07-30,2017-07-14,2975,frozen_train_only,True
IG540SIB,2017-07-30,2017-07-14,2975,frozen_train_only,True
CUZDYOOO,2017-07-30,2017-07-14,2975,frozen_train_only,True
EY7OI10Z,2017-07-30,2017-07-14,2975,frozen_train_only,True
R55U5QI4,2017-07-30,2017-07-14,2975,frozen_train_only,True
TJ95PY76,2017-07-30,2017-07-14,2975,frozen_train_only,True
R6OZIG5J,2017-07-30,2017-07-14,2975,frozen_train_only,True
DVT7NPEH,2017-07-30,2017-07-14,2975,frozen_train_only,True
S9JXWIBD,2017-07-30,2017-07-14,2975,frozen_train_only,True
0XBGT413,2017-07-30,2017-07-14,2975,frozen_train_only,True
RTOIXNPC,2017-07-30,2017-07-14,2975,frozen_train_only,True
7COYG1Z2,2017-07-30,2017-07-14,2975,frozen_train_only,True
OVLGWURN,2017-07-30,2017-07-14,2975,frozen_train_only,True
UHIIYU2J,2017-07-30,2017-07-14,2975,frozen_train_only,True
5W29OCB8,2017-07-30,2017-07-14,2975,frozen_train_only,True
R7I947IZ,2017-07-30,2017-07-14,2975,frozen_train_only,True
754UOV5F,2017-07-30,2017-07-14,2975,frozen_train_only,True
MTN3BOMC,2017-07-30,2017-07-14,2975,frozen_train_only,True
ABT1TDH1,2017-07-30,2017-07-14,2975,frozen_train_only,True
DJFMG9QI,2017-07-30,2017-07-14,2975,frozen_train_only,True
GWQX8BSZ,2017-07-30,2017-07-14,2975,frozen_train_only,True
D9NLFAEG,2017-07-30,2017-07-14,2975,frozen_train_only,True
TX5SADEI,2017-07-30,2017-07-14,2975,frozen_train_only,True
I5AKI9KC,2017-07-30,2017-07-14,2975,frozen_train_only,True
0M3NCPQX,2017-07-30,2017-07-14,2975,frozen_train_only,True
RN7M3757,2017-07-30,2017-07-14,2975,frozen_train_only,True
OJ42ZCHR,2017-07-30,2017-07-14,2975,frozen_train_only,True
QD4ONE04,2017-07-31,2017-07-14,2975,frozen_train_only,True
0PT4RY4P,2017-07-31,2017-07-14,2975,frozen_train_only,True
FSEV7ZJC,2017-07-31,2017-07-14,2975,frozen_train_only,True
OEP0IJ6S,2017-07-31,2017-07-14,2975,frozen_train_only,True
YWGU40CP,2017-07-31,2017-07-14,2975,frozen_train_only,True
ICG3THQK,2017-07-31,2017-07-14,2975,frozen_train_only,True
WOO9JXOQ,2017-07-31,2017-07-14,2975,frozen_train_only,True
OBDEDIXA,2017-07-31,2017-07-14,2975,frozen_train_only,True
1O72EKFY,2017-07-31,2017-07-14,2975,frozen_train_only,True
4XXAK1QL,2017-07-31,2017-07-14,2975,frozen_train_only,True
WU81R3XH,2017-07-31,2017-07-14,2975,frozen_train_only,True
HHWZEWDV,2017-07-31,2017-07-14,2975,frozen_train_only,True
EMH2I8XE,2017-07-31,2017-07-14,2975,frozen_train_only,True
UBO7V799,2017-07-31,2017-07-14,2975,frozen_train_only,True
DZQW0KQ4,2017-07-31,2017-07-14,2975,frozen_train_only,True
OAUUCC2N,2017-07-31,2017-07-14,2975,frozen_train_only,True
283MDYKM,2017-07-31,2017-07-14,2975,frozen_train_only,True
56LUBQTV,2017-07-31,2017-07-14,2975,frozen_train_only,True
Q65B52C5,2017-07-31,2017-07-14,2975,frozen_train_only,True
STI8KYWL,2017-07-31,2017-07-14,2975,frozen_train_only,True
K63TD0WD,2017-07-31,2017-07-14,2975,frozen_train_only,True
EP9JNNF1,2017-07-31,2017-07-14,2975,frozen_train_only,True
I1R23P5F,2017-08-01,2017-07-14,2975,frozen_train_only,True
CFKXEPFN,2017-08-01,2017-07-14,2975,frozen_train_only,True
4ZB2W6O7,2017-08-01,2017-07-14,2975,frozen_train_only,True
H85L45JM,2017-08-01,2017-07-14,2975,frozen_train_only,True
A2YIYWNW,2017-08-01,2017-07-14,2975,frozen_train_only,True
HISWL7B0,2017-08-01,2017-07-14,2975,frozen_train_only,True
BSKNQJOJ,2017-08-01,2017-07-14,2975,frozen_train_only,True
1FLN8BTI,2017-08-01,2017-07-14,2975,frozen_train_only,True
VAL8O4PH,2017-08-01,2017-07-14,2975,frozen_train_only,True
RZXMIHGO,2017-08-01,2017-07-14,2975,frozen_train_only,True
IW6S2BN0,2017-08-01,2017-07-14,2975,frozen_train_only,True
G78ZK6XI,2017-08-01,2017-07-14,2975,frozen_train_only,True
9C3YHNBY,2017-08-01,2017-07-14,2975,frozen_train_only,True
U4L1277G,2017-08-01,2017-07-14,2975,frozen_train_only,True
YE7F777U,2017-08-01,2017-07-14,2975,frozen_train_only,True
DO6VKC2G,2017-08-01,2017-07-14,2975,frozen_train_only,True
MBYOJR5A,2017-08-01,2017-07-14,2975,frozen_train_only,True
NBJR3GVR,2017-08-01,2017-07-14,2975,frozen_train_only,True
Y7244XW7,2017-08-01,2017-07-14,2975,frozen_train_only,True
22HV3N2W,2017-08-01,2017-07-14,2975,frozen_train_only,True
FKY3O5O1,2017-08-01,2017-07-14,2975,frozen_train_only,True
WRKPDK7O,2017-08-01,2017-07-14,2975,frozen_train_only,True
3FWZBSW1,2017-08-01,2017-07-14,2975,frozen_train_only,True
VIY7P8J6,2017-08-01,2017-07-14,2975,frozen_train_only,True
PR1H7NHK,2017-08-01,2017-07-14,2975,frozen_train_only,True
A9TEJW6U,2017-08-01,2017-07-14,2975,frozen_train_only,True
1DC9PQ4S,2017-08-01,2017-07-14,2975,frozen_train_only,True
JGXK8P6T,2017-08-01,2017-07-14,2975,frozen_train_only,True
URQYDGX8,2017-08-02,2017-07-14,2975,frozen_train_only,True
KIKG1BGV,2017-08-02,2017-07-14,2975,frozen_train_only,True
2E2FDZHG,2017-08-02,2017-07-14,2975,frozen_train_only,True
8LP076IV,2017-08-02,2017-07-14,2975,frozen_train_only,True
CWXHKUV5,2017-08-02,2017-07-14,2975,frozen_train_only,True
N909ADDC,2017-08-02,2017-07-14,2975,frozen_train_only,True
ULJG457F,2017-08-03,2017-07-14,2975,frozen_train_only,True
AZN2K0V9,2017-08-03,2017-07-14,2975,frozen_train_only,True
6TGCOE5O,2017-08-03,2017-07-14,2975,frozen_train_only,True
QIEAKLRU,2017-08-03,2017-07-14,2975,frozen_train_only,True
A04V2WB3,2017-08-03,2017-07-14,2975,frozen_train_only,True
TIPXNDS2,2017-08-03,2017-07-14,2975,frozen_train_only,True
3G61D5KV,2017-08-03,2017-07-14,2975,frozen_train_only,True
6RZ5GSAB,2017-08-03,2017-07-14,2975,frozen_train_only,True
RD6Y5R4P,2017-08-03,2017-07-14,2975,frozen_train_only,True
7VSFD2MV,2017-08-03,2017-07-14,2975,frozen_train_only,True
3BA9OPGY,2017-08-03,2017-07-14,2975,frozen_train_only,True
LDQITW5C,2017-08-03,2017-07-14,2975,frozen_train_only,True
9V2SW5MV,2017-08-03,2017-07-14,2975,frozen_train_only,True
0R5KAHNB,2017-08-03,2017-07-14,2975,frozen_train_only,True
ATMWAQL5,2017-08-03,2017-07-14,2975,frozen_train_only,True
SUUVV6RP,2017-08-03,2017-07-14,2975,frozen_train_only,True
XB1ZV04H,2017-08-03,2017-07-14,2975,frozen_train_only,True
Q1TS5ZKD,2017-08-03,2017-07-14,2975,frozen_train_only,True
NNH4EBG8,2017-08-03,2017-07-14,2975,frozen_train_only,True
5UFU5IO4,2017-08-04,2017-07-14,2975,frozen_train_only,True
VLYT262U,2017-08-04,2017-07-14,2975,frozen_train_only,True
UM1OU73X,2017-08-04,2017-07-14,2975,frozen_train_only,True
69U39SXU,2017-08-04,2017-07-14,2975,frozen_train_only,True
ZCUMC0XC,2017-08-04,2017-07-14,2975,frozen_train_only,True
V1KABF71,2017-08-04,2017-07-14,2975,frozen_train_only,True
CPOA6FVA,2017-08-04,2017-07-14,2975,frozen_train_only,True
5VW9YVTU,2017-08-04,2017-07-14,2975,frozen_train_only,True
FUI9BIS3,2017-08-04,2017-07-14,2975,frozen_train_only,True
49SUORYW,2017-08-04,2017-07-14,2975,frozen_train_only,True
51VR0RD3,2017-08-04,2017-07-14,2975,frozen_train_only,True
4PNXMXXC,2017-08-05,2017-07-14,2975,frozen_train_only,True
OVA9HMN1,2017-08-05,2017-07-14,2975,frozen_train_only,True
DAAHNY6T,2017-08-05,2017-07-14,2975,frozen_train_only,True
80QJ0BQH,2017-08-05,2017-07-14,2975,frozen_train_only,True
MOAP4XN7,2017-08-05,2017-07-14,2975,frozen_train_only,True
2N2MUDOA,2017-08-05,2017-07-14,2975,frozen_train_only,True
RCJRB8W8,2017-08-05,2017-07-14,2975,frozen_train_only,True
5NGPM4C3,2017-08-05,2017-07-14,2975,frozen_train_only,True
7DOGGIXI,2017-08-05,2017-07-14,2975,frozen_train_only,True
NY7Z4I06,2017-08-05,2017-07-14,2975,frozen_train_only,True
9P180HVQ,2017-08-05,2017-07-14,2975,frozen_train_only,True
ACGLK2YE,2017-08-05,2017-07-14,2975,frozen_train_only,True
3A54O8JT,2017-08-05,2017-07-14,2975,frozen_train_only,True
R9GI5SJ5,2017-08-05,2017-07-14,2975,frozen_train_only,True
WO1OYV0Z,2017-08-06,2017-07-14,2975,frozen_train_only,True
ZGK1AWBD,2017-08-06,2017-07-14,2975,frozen_train_only,True
AV72Y65Y,2017-08-06,2017-07-14,2975,frozen_train_only,True
A8NDGVJE,2017-08-06,2017-07-14,2975,frozen_train_only,True
7FFV8D9U,2017-08-06,2017-07-14,2975,frozen_train_only,True
04T6SOQW,2017-08-06,2017-07-14,2975,frozen_train_only,True
SLMY2KDA,2017-08-06,2017-07-14,2975,frozen_train_only,True
PDMZ1I99,2017-08-06,2017-07-14,2975,frozen_train_only,True
AD2YEH7W,2017-08-06,2017-07-14,2975,frozen_train_only,True
98K99UW9,2017-08-06,2017-07-14,2975,frozen_train_only,True
OMJHW2J1,2017-08-06,2017-07-14,2975,frozen_train_only,True
G6CMP5I9,2017-08-06,2017-07-14,2975,frozen_train_only,True
OSG9KZGB,2017-08-07,2017-07-14,2975,frozen_train_only,True
693K7IAT,2017-08-07,2017-07-14,2975,frozen_train_only,True
WD7Q5D3G,2017-08-07,2017-07-14,2975,frozen_train_only,True
ZC987DAQ,2017-08-07,2017-07-14,2975,frozen_train_only,True
I6M40320,2017-08-07,2017-07-14,2975,frozen_train_only,True
SYA1A4E5,2017-08-07,2017-07-14,2975,frozen_train_only,True
9AESK6QV,2017-08-07,2017-07-14,2975,frozen_train_only,True
Q8QGD2OG,2017-08-08,2017-07-14,2975,frozen_train_only,True
FH3UXT3T,2017-08-08,2017-07-14,2975,frozen_train_only,True
CLRPASVW,2017-08-08,2017-07-14,2975,frozen_train_only,True
FS60AX8A,2017-08-08,2017-07-14,2975,frozen_train_only,True
O7LSETHG,2017-08-08,2017-07-14,2975,frozen_train_only,True
FCBSZ6FJ,2017-08-09,2017-07-14,2975,frozen_train_only,True
S931EBRN,2017-08-09,2017-07-14,2975,frozen_train_only,True
MUSSD9WD,2017-08-09,2017-07-14,2975,frozen_train_only,True
9B20R6A5,2017-08-09,2017-07-14,2975,frozen_train_only,True
BJH89YWM,2017-08-09,2017-07-14,2975,frozen_train_only,True
EVXPG3V5,2017-08-09,2017-07-14,2975,frozen_train_only,True
FSNL204U,2017-08-09,2017-07-14,2975,frozen_train_only,True
RC4LEDIA,2017-08-09,2017-07-14,2975,frozen_train_only,True
298J5EM0,2017-08-09,2017-07-14,2975,frozen_train_only,True
Z4OOTJAJ,2017-08-10,2017-07-14,2975,frozen_train_only,True
988J5AUI,2017-08-10,2017-07-14,2975,frozen_train_only,True
MBPJUJ7F,2017-08-10,2017-07-14,2975,frozen_train_only,True
2KWJIZX6,2017-08-10,2017-07-14,2975,frozen_train_only,True
99EA6HXJ,2017-08-10,2017-07-14,2975,frozen_train_only,True
J31SUXQJ,2017-08-10,2017-07-14,2975,frozen_train_only,True
DYO98F6J,2017-08-10,2017-07-14,2975,frozen_train_only,True
EEB0JYIQ,2017-08-10,2017-07-14,2975,frozen_train_only,True
68EYCEV4,2017-08-10,2017-07-14,2975,frozen_train_only,True
P4D1NK6D,2017-08-11,2017-07-14,2975,frozen_train_only,True
5MAXF8FK,2017-08-11,2017-07-14,2975,frozen_train_only,True
Z7Q2USU1,2017-08-11,2017-07-14,2975,frozen_train_only,True
8CBTC1PX,2017-08-11,2017-07-14,2975,frozen_train_only,True
UMF3KRCL,2017-08-11,2017-07-14,2975,frozen_train_only,True
VJSI29OF,2017-08-11,2017-07-14,2975,frozen_train_only,True
6KEWAQMX,2017-08-12,2017-07-14,2975,frozen_train_only,True
QFRZLXF3,2017-08-12,2017-07-14,2975,frozen_train_only,True
8MUD1WS1,2017-08-12,2017-07-14,2975,frozen_train_only,True
HMWIP0F2,2017-08-12,2017-07-14,2975,frozen_train_only,True
27REMGYU,2017-08-12,2017-07-14,2975,frozen_train_only,True
O0L6JUYE,2017-08-12,2017-07-14,2975,frozen_train_only,True
ZR436XWW,2017-08-12,2017-07-14,2975,frozen_train_only,True
44Q1W18Y,2017-08-12,2017-07-14,2975,frozen_train_only,True
LT111IZL,2017-08-12,2017-07-14,2975,frozen_train_only,True
QHY85D44,2017-08-12,2017-07-14,2975,frozen_train_only,True
7ZN8YCH8,2017-08-12,2017-07-14,2975,frozen_train_only,True
B96E3BBD,2017-08-12,2017-07-14,2975,frozen_train_only,True
MQEFGUOG,2017-08-12,2017-07-14,2975,frozen_train_only,True
3C6E0D28,2017-08-12,2017-07-14,2975,frozen_train_only,True
58W7CZGD,2017-08-12,2017-07-14,2975,frozen_train_only,True
EEQV0YY4,2017-08-12,2017-07-14,2975,frozen_train_only,True
0OHEJOI5,2017-08-13,2017-07-14,2975,frozen_train_only,True
QMFN71BT,2017-08-13,2017-07-14,2975,frozen_train_only,True
7O1UQ19W,2017-08-13,2017-07-14,2975,frozen_train_only,True
LFJVV393,2017-08-13,2017-07-14,2975,frozen_train_only,True
QQPAK72N,2017-08-13,2017-07-14,2975,frozen_train_only,True
5CAP1055,2017-08-13,2017-07-14,2975,frozen_train_only,True
DFSFEADV,2017-08-13,2017-07-14,2975,frozen_train_only,True
PXNDLIL2,2017-08-13,2017-07-14,2975,frozen_train_only,True
7FVBMH48,2017-08-13,2017-07-14,2975,frozen_train_only,True
V0G393Q6,2017-08-13,2017-07-14,2975,frozen_train_only,True
9CPUX0D0,2017-08-13,2017-07-14,2975,frozen_train_only,True
USS2SNQI,2017-08-13,2017-07-14,2975,frozen_train_only,True
HQKWQ004,2017-08-13,2017-07-14,2975,frozen_train_only,True
SAMPTSH0,2017-08-14,2017-07-14,2975,frozen_train_only,True
NSX4NR40,2017-08-14,2017-07-14,2975,frozen_train_only,True
NPORW46K,2017-08-14,2017-07-14,2975,frozen_train_only,True
0GS0L5VR,2017-08-14,2017-07-14,2975,frozen_train_only,True
LBO52V0N,2017-08-14,2017-07-14,2975,frozen_train_only,True
FJE58EP1,2017-08-14,2017-07-14,2975,frozen_train_only,True
AILB4LIX,2017-08-14,2017-07-14,2975,frozen_train_only,True
8FGW6RSX,2017-08-14,2017-07-14,2975,frozen_train_only,True
CYV6MJL9,2017-08-14,2017-07-14,2975,frozen_train_only,True
Y8ZUSC9C,2017-08-14,2017-07-14,2975,frozen_train_only,True
VHT6G2BS,2017-08-14,2017-07-14,2975,frozen_train_only,True
KBPKLB2X,2017-08-14,2017-07-14,2975,frozen_train_only,True
EZDMNAK8,2017-08-14,2017-07-14,2975,frozen_train_only,True
I6PXHXST,2017-08-14,2017-07-14,2975,frozen_train_only,True
AMP2GT6F,2017-08-14,2017-07-14,2975,frozen_train_only,True
PQJZNRKK,2017-08-14,2017-07-14,2975,frozen_train_only,True
E617EXPD,2017-08-14,2017-07-14,2975,frozen_train_only,True
JEWIBFH9,2017-08-14,2017-07-14,2975,frozen_train_only,True
B08R55ET,2017-08-15,2017-07-14,2975,frozen_train_only,True
ICR59VIJ,2017-08-15,2017-07-14,2975,frozen_train_only,True
TQJJDWWH,2017-08-15,2017-07-14,2975,frozen_train_only,True
XGHMOHYQ,2017-08-15,2017-07-14,2975,frozen_train_only,True
5378T3K3,2017-08-15,2017-07-14,2975,frozen_train_only,True
1MQ3015O,2017-08-15,2017-07-14,2975,frozen_train_only,True
PYQ3VX08,2017-08-15,2017-07-14,2975,frozen_train_only,True
W1XRTUT2,2017-08-15,2017-07-14,2975,frozen_train_only,True
6SMB6SDY,2017-08-15,2017-07-14,2975,frozen_train_only,True
041Q1IZL,2017-08-15,2017-07-14,2975,frozen_train_only,True
SU1NDYXR,2017-08-16,2017-07-14,2975,frozen_train_only,True
V7W8CA47,2017-08-16,2017-07-14,2975,frozen_train_only,True
KR22DD8M,2017-08-17,2017-07-14,2975,frozen_train_only,True
SY61BAXZ,2017-08-17,2017-07-14,2975,frozen_train_only,True
FKVC924F,2017-08-17,2017-07-14,2975,frozen_train_only,True
LXVCMY4C,2017-08-17,2017-07-14,2975,frozen_train_only,True
QJ1DIUN7,2017-08-17,2017-07-14,2975,frozen_train_only,True
L4R7LDY1,2017-08-17,2017-07-14,2975,frozen_train_only,True
XNKIZY9J,2017-08-18,2017-07-14,2975,frozen_train_only,True
X9L0T199,2017-08-18,2017-07-14,2975,frozen_train_only,True
VYR4EWHR,2017-08-18,2017-07-14,2975,frozen_train_only,True
PODXJ4SP,2017-08-18,2017-07-14,2975,frozen_train_only,True
MAH5U65E,2017-08-18,2017-07-14,2975,frozen_train_only,True
NZJXKD9H,2017-08-19,2017-07-14,2975,frozen_train_only,True
H7GXKD3O,2017-08-19,2017-07-14,2975,frozen_train_only,True
QPUPBL50,2017-08-20,2017-07-14,2975,frozen_train_only,True
7P069DNF,2017-08-20,2017-07-14,2975,frozen_train_only,True
TUKHDOGS,2017-08-20,2017-07-14,2975,frozen_train_only,True
9D43V124,2017-08-20,2017-07-14,2975,frozen_train_only,True
1VFT3UCK,2017-08-21,2017-07-14,2975,frozen_train_only,True
R2V49PU5,2017-08-21,2017-07-14,2975,frozen_train_only,True
RFQFJLNJ,2017-08-21,2017-07-14,2975,frozen_train_only,True
23J295J4,2017-08-21,2017-07-14,2975,frozen_train_only,True
8P3O8A9H,2017-08-21,2017-07-14,2975,frozen_train_only,True
5P4O1IU6,2017-08-22,2017-07-14,2975,frozen_train_only,True
TZPE6M07,2017-08-22,2017-07-14,2975,frozen_train_only,True
G03J67Z1,2017-08-22,2017-07-14,2975,frozen_train_only,True
TM70L0W8,2017-08-22,2017-07-14,2975,frozen_train_only,True
WK1319MB,2017-08-23,2017-07-14,2975,frozen_train_only,True
S53EVWFC,2017-08-23,2017-07-14,2975,frozen_train_only,True
YB4YJTK4,2017-08-23,2017-07-14,2975,frozen_train_only,True
P6NQ2LZK,2017-08-23,2017-07-14,2975,frozen_train_only,True
0XYUJ7HF,2017-08-23,2017-07-14,2975,frozen_train_only,True
QKW7MDJK,2017-08-23,2017-07-14,2975,frozen_train_only,True
UIOJX7O0,2017-08-24,2017-07-14,2975,frozen_train_only,True
CN8X0DLA,2017-08-24,2017-07-14,2975,frozen_train_only,True
HF1GSBT4,2017-08-24,2017-07-14,2975,frozen_train_only,True
Z8Z77GN3,2017-08-24,2017-07-14,2975,frozen_train_only,True
LKJZEISS,2017-08-24,2017-07-14,2975,frozen_train_only,True
Y0M8X7BV,2017-08-25,2017-07-14,2975,frozen_train_only,True
TWEVVI99,2017-08-25,2017-07-14,2975,frozen_train_only,True
0H9C9J03,2017-08-25,2017-07-14,2975,frozen_train_only,True
VGSH1TSW,2017-08-25,2017-07-14,2975,frozen_train_only,True
WZ3FJA3V,2017-08-25,2017-07-14,2975,frozen_train_only,True
TLLW2ZRM,2017-08-25,2017-07-14,2975,frozen_train_only,True
2F41W100,2017-08-26,2017-07-14,2975,frozen_train_only,True
059K86LU,2017-08-26,2017-07-14,2975,frozen_train_only,True
8PLXH354,2017-08-26,2017-07-14,2975,frozen_train_only,True
RU5X1LZM,2017-08-26,2017-07-14,2975,frozen_train_only,True
OO9U4C0Y,2017-08-27,2017-07-14,2975,frozen_train_only,True
WZN26QZQ,2017-08-27,2017-07-14,2975,frozen_train_only,True
7K1KXMBT,2017-08-27,2017-07-14,2975,frozen_train_only,True
TCJA7XF2,2017-08-27,2017-07-14,2975,frozen_train_only,True
TGSLH2ZD,2017-08-27,2017-07-14,2975,frozen_train_only,True
OLXEYM3P,2017-08-27,2017-07-14,2975,frozen_train_only,True
3ORQ2R0R,2017-08-28,2017-07-14,2975,frozen_train_only,True
7868JVH9,2017-08-29,2017-07-14,2975,frozen_train_only,True
RYNZ2WOK,2017-08-29,2017-07-14,2975,frozen_train_only,True
PTZ9QLEF,2017-08-29,2017-07-14,2975,frozen_train_only,True
R65LGLJ0,2017-08-30,2017-07-14,2975,frozen_train_only,True
XXD7OQOH,2017-08-30,2017-07-14,2975,frozen_train_only,True
LMU41E2W,2017-08-30,2017-07-14,2975,frozen_train_only,True
1Y58TSUU,2017-08-30,2017-07-14,2975,frozen_train_only,True
WNTAT1OT,2017-08-31,2017-07-14,2975,frozen_train_only,True
EDM7CEZ6,2017-08-31,2017-07-14,2975,frozen_train_only,True
XBPJ6M4K,2017-08-31,2017-07-14,2975,frozen_train_only,True
XRZNF1LQ,2017-08-31,2017-07-14,2975,frozen_train_only,True
6CT660FF,2017-08-31,2017-07-14,2975,frozen_train_only,True
NUS67BOQ,2017-08-31,2017-07-14,2975,frozen_train_only,True
RTX8ZJXT,2017-08-31,2017-07-14,2975,frozen_train_only,True
6C6Z3HRA,2017-08-31,2017-07-14,2975,frozen_train_only,True
102XKYAC,2017-09-01,2017-07-14,2975,frozen_train_only,True
A5SCVK7E,2017-09-01,2017-07-14,2975,frozen_train_only,True
ASZNII2J,2017-09-01,2017-07-14,2975,frozen_train_only,True
KAGK2GQJ,2017-09-01,2017-07-14,2975,frozen_train_only,True
6OD1J7MW,2017-09-02,2017-07-14,2975,frozen_train_only,True
J0G6ZLYZ,2017-09-02,2017-07-14,2975,frozen_train_only,True
LOQ46F0T,2017-09-03,2017-07-14,2975,frozen_train_only,True
JKAYQ4HQ,2017-09-03,2017-07-14,2975,frozen_train_only,True
DZP41ANW,2017-09-03,2017-07-14,2975,frozen_train_only,True
GRYHHER0,2017-09-03,2017-07-14,2975,frozen_train_only,True
H8XH5MFQ,2017-09-03,2017-07-14,2975,frozen_train_only,True
YPM5PZMD,2017-09-03,2017-07-14,2975,frozen_train_only,True
OGHK250E,2017-09-03,2017-07-14,2975,frozen_train_only,True
KXR63BV7,2017-09-04,2017-07-14,2975,frozen_train_only,True
VKIR68JX,2017-09-04,2017-07-14,2975,frozen_train_only,True
W533W8G6,2017-09-04,2017-07-14,2975,frozen_train_only,True
RW3CJO8D,2017-09-04,2017-07-14,2975,frozen_train_only,True
5E274CQS,2017-09-05,2017-07-14,2975,frozen_train_only,True
7GDSUY9K,2017-09-05,2017-07-14,2975,frozen_train_only,True
H5J7C2FE,2017-09-05,2017-07-14,2975,frozen_train_only,True
1UW6ILCH,2017-09-05,2017-07-14,2975,frozen_train_only,True
X6NSKI7H,2017-09-06,2017-07-14,2975,frozen_train_only,True
FH30JK3J,2017-09-06,2017-07-14,2975,frozen_train_only,True
ZPXE49AP,2017-09-06,2017-07-14,2975,frozen_train_only,True
U1XSUD1P,2017-09-06,2017-07-14,2975,frozen_train_only,True
OM8LELJW,2017-09-06,2017-07-14,2975,frozen_train_only,True
WEES59KH,2017-09-06,2017-07-14,2975,frozen_train_only,True
95YT659K,2017-09-06,2017-07-14,2975,frozen_train_only,True
IOPIJ6C6,2017-09-07,2017-07-14,2975,frozen_train_only,True
QEZ2X87C,2017-09-07,2017-07-14,2975,frozen_train_only,True
S8FODURJ,2017-09-07,2017-07-14,2975,frozen_train_only,True
EJGRLQP8,2017-09-08,2017-07-14,2975,frozen_train_only,True
8DDR4MUL,2017-09-08,2017-07-14,2975,frozen_train_only,True
H0RRUQZ6,2017-09-08,2017-07-14,2975,frozen_train_only,True
NJC4XMEN,2017-09-09,2017-07-14,2975,frozen_train_only,True
IMLFM79C,2017-09-09,2017-07-14,2975,frozen_train_only,True
ZGW9SCQ0,2017-09-10,2017-07-14,2975,frozen_train_only,True
34XWXEQE,2017-09-10,2017-07-14,2975,frozen_train_only,True
8NG46N94,2017-09-10,2017-07-14,2975,frozen_train_only,True
XT8HCGAD,2017-09-10,2017-07-14,2975,frozen_train_only,True
WIQQUZRQ,2017-09-10,2017-07-14,2975,frozen_train_only,True
LOHJU3OB,2017-09-10,2017-07-14,2975,frozen_train_only,True
0558PJL2,2017-09-11,2017-07-14,2975,frozen_train_only,True
JB60NPU9,2017-09-11,2017-07-14,2975,frozen_train_only,True
77IBMLTB,2017-09-11,2017-07-14,2975,frozen_train_only,True
S2XTTF3B,2017-09-11,2017-07-14,2975,frozen_train_only,True
8XY5IA68,2017-09-11,2017-07-14,2975,frozen_train_only,True
RKOQZJZR,2017-09-11,2017-07-14,2975,frozen_train_only,True
8V5OCDHN,2017-09-12,2017-07-14,2975,frozen_train_only,True
I35REHYN,2017-09-12,2017-07-14,2975,frozen_train_only,True
Y3AAS62P,2017-09-12,2017-07-14,2975,frozen_train_only,True
3NC5XSDF,2017-09-12,2017-07-14,2975,frozen_train_only,True
5X3TSUA9,2017-09-13,2017-07-14,2975,frozen_train_only,True
9DY57A6F,2017-09-13,2017-07-14,2975,frozen_train_only,True
EQ0PLA0O,2017-09-13,2017-07-14,2975,frozen_train_only,True
VRWH3YJV,2017-09-14,2017-07-14,2975,frozen_train_only,True
JBECEURV,2017-09-14,2017-07-14,2975,frozen_train_only,True
ER0U0TOC,2017-09-15,2017-07-14,2975,frozen_train_only,True
24K085JJ,2017-09-15,2017-07-14,2975,frozen_train_only,True
NBBIFIKB,2017-09-15,2017-07-14,2975,frozen_train_only,True
R6Q5JOLX,2017-09-16,2017-07-14,2975,frozen_train_only,True
DY8DMZZ9,2017-09-16,2017-07-14,2975,frozen_train_only,True
KQ83VL8T,2017-09-17,2017-07-14,2975,frozen_train_only,True
PAQ6EKHB,2017-09-17,2017-07-14,2975,frozen_train_only,True
8LA72RM8,2017-09-17,2017-07-14,2975,frozen_train_only,True
UU7N7LZK,2017-09-18,2017-07-14,2975,frozen_train_only,True
ZBDT3T2H,2017-09-18,2017-07-14,2975,frozen_train_only,True
WSO3NMK5,2017-09-18,2017-07-14,2975,frozen_train_only,True
01XZ9CRY,2017-09-18,2017-07-14,2975,frozen_train_only,True
HJY0TQ7X,2017-09-18,2017-07-14,2975,frozen_train_only,True
A7OVC1WK,2017-09-19,2017-07-14,2975,frozen_train_only,True
V1SX6HOD,2017-09-19,2017-07-14,2975,frozen_train_only,True
WVKBXWA9,2017-09-19,2017-07-14,2975,frozen_train_only,True
PSMWYTMB,2017-09-20,2017-07-14,2975,frozen_train_only,True
NRK892VX,2017-09-20,2017-07-14,2975,frozen_train_only,True
5F1RM2YM,2017-09-20,2017-07-14,2975,frozen_train_only,True
197EQMY8,2017-09-20,2017-07-14,2975,frozen_train_only,True
61IKUAZI,2017-09-20,2017-07-14,2975,frozen_train_only,True
D9MZMDOL,2017-09-20,2017-07-14,2975,frozen_train_only,True
2FM8HJDM,2017-09-20,2017-07-14,2975,frozen_train_only,True
4R4QF0ZU,2017-09-20,2017-07-14,2975,frozen_train_only,True
IDKBZCAF,2017-09-21,2017-07-14,2975,frozen_train_only,True
LFI3BGEE,2017-09-22,2017-07-14,2975,frozen_train_only,True
1LHU0876,2017-09-22,2017-07-14,2975,frozen_train_only,True
K2NPVZL8,2017-09-23,2017-07-14,2975,frozen_train_only,True
7FLPKZN7,2017-09-23,2017-07-14,2975,frozen_train_only,True
3Q15OHQB,2017-09-23,2017-07-14,2975,frozen_train_only,True
EJVD09HQ,2017-09-25,2017-07-14,2975,frozen_train_only,True
P8QXRXMR,2017-09-25,2017-07-14,2975,frozen_train_only,True
G7QIQDSA,2017-09-26,2017-07-14,2975,frozen_train_only,True
JXUSPNPV,2017-09-26,2017-07-14,2975,frozen_train_only,True
FSYTM6YE,2017-09-27,2017-07-14,2975,frozen_train_only,True
1LY8CAXD,2017-09-27,2017-07-14,2975,frozen_train_only,True
SMP2K39G,2017-09-28,2017-07-14,2975,frozen_train_only,True
9JTFD4FZ,2017-09-28,2017-07-14,2975,frozen_train_only,True
C51GWGUE,2017-09-29,2017-07-14,2975,frozen_train_only,True
NS6JLCZ2,2017-09-29,2017-07-14,2975,frozen_train_only,True
LZ3B174J,2017-09-29,2017-07-14,2975,frozen_train_only,True
NX28C8EI,2017-09-30,2017-07-14,2975,frozen_train_only,True
WV2YBM8V,2017-09-30,2017-07-14,2975,frozen_train_only,True
NMLTE4CS,2017-09-30,2017-07-14,2975,frozen_train_only,True
4SOUOUKH,2017-09-30,2017-07-14,2975,frozen_train_only,True
EM1BA4EK,2017-10-01,2017-07-14,2975,frozen_train_only,True
GWOOPZE8,2017-10-01,2017-07-14,2975,frozen_train_only,True
GXIVJQPG,2017-10-01,2017-07-14,2975,frozen_train_only,True
MG1YUTUE,2017-10-01,2017-07-14,2975,frozen_train_only,True
QNB3SCN9,2017-10-01,2017-07-14,2975,frozen_train_only,True
MYD4PBM9,2017-10-03,2017-07-14,2975,frozen_train_only,True
E2CJIO85,2017-10-03,2017-07-14,2975,frozen_train_only,True
EP5QRHID,2017-10-04,2017-07-14,2975,frozen_train_only,True
5WAKI1NB,2017-10-04,2017-07-14,2975,frozen_train_only,True
LDJ6VTNW,2017-10-04,2017-07-14,2975,frozen_train_only,True
1L68AC0E,2017-10-04,2017-07-14,2975,frozen_train_only,True
06C1N1F7,2017-10-05,2017-07-14,2975,frozen_train_only,True
VVE9HGLD,2017-10-05,2017-07-14,2975,frozen_train_only,True
JIEO87ZV,2017-10-06,2017-07-14,2975,frozen_train_only,True
MIA65OVY,2017-10-06,2017-07-14,2975,frozen_train_only,True
L9EVLHSJ,2017-10-08,2017-07-14,2975,frozen_train_only,True
O691ZXXH,2017-10-08,2017-07-14,2975,frozen_train_only,True
QDBJOE9M,2017-10-08,2017-07-14,2975,frozen_train_only,True
ZEYGDEBG,2017-10-09,2017-07-14,2975,frozen_train_only,True
0HUWQWOJ,2017-10-09,2017-07-14,2975,frozen_train_only,True
8SLDCS0F,2017-10-11,2017-07-14,2975,frozen_train_only,True
OHOWVHYX,2017-10-11,2017-07-14,2975,frozen_train_only,True
F761DF0M,2017-10-11,2017-07-14,2975,frozen_train_only,True
4O3EPWFR,2017-10-12,2017-07-14,2975,frozen_train_only,True
QCBO7C6E,2017-10-13,2017-07-14,2975,frozen_train_only,True
ORYORRQV,2017-10-13,2017-07-14,2975,frozen_train_only,True
NGG8O0JX,2017-10-13,2017-07-14,2975,frozen_train_only,True
DYYJW46L,2017-10-14,2017-07-14,2975,frozen_train_only,True
XSTGL252,2017-10-15,2017-07-14,2975,frozen_train_only,True
4ZKFSG5F,2017-10-16,2017-07-14,2975,frozen_train_only,True
5TCGN3GX,2017-10-16,2017-07-14,2975,frozen_train_only,True
Y6NI5EBV,2017-10-17,2017-07-14,2975,frozen_train_only,True
OFC7ZTU8,2017-10-17,2017-07-14,2975,frozen_train_only,True
RVUJPYY8,2017-10-18,2017-07-14,2975,frozen_train_only,True
YQJGEI71,2017-10-19,2017-07-14,2975,frozen_train_only,True
BZGJ44FH,2017-10-19,2017-07-14,2975,frozen_train_only,True
4S17VJ7O,2017-10-19,2017-07-14,2975,frozen_train_only,True
B2FSFXKA,2017-10-19,2017-07-14,2975,frozen_train_only,True
W72TPY7P,2017-10-19,2017-07-14,2975,frozen_train_only,True
SLILSQJV,2017-10-19,2017-07-14,2975,frozen_train_only,True
RYWETTBK,2017-10-20,2017-07-14,2975,frozen_train_only,True
2DY9U1V7,2017-10-20,2017-07-14,2975,frozen_train_only,True
GL2FM1RM,2017-10-22,2017-07-14,2975,frozen_train_only,True
JJGRAQ2K,2017-10-23,2017-07-14,2975,frozen_train_only,True
X7MN9ROG,2017-10-23,2017-07-14,2975,frozen_train_only,True
S7UVZXM3,2017-10-24,2017-07-14,2975,frozen_train_only,True
HWOBBZWQ,2017-10-24,2017-07-14,2975,frozen_train_only,True
OYH46MQB,2017-10-25,2017-07-14,2975,frozen_train_only,True
HXGDBNAV,2017-10-25,2017-07-14,2975,frozen_train_only,True
31IV2B9O,2017-10-26,2017-07-14,2975,frozen_train_only,True
4D0K5T7T,2017-10-26,2017-07-14,2975,frozen_train_only,True
P5C842B5,2017-10-28,2017-07-14,2975,frozen_train_only,True
7EHJYKWE,2017-10-28,2017-07-14,2975,frozen_train_only,True
0N11U6L3,2017-10-30,2017-07-14,2975,frozen_train_only,True
W5FH95XO,2017-10-30,2017-07-14,2975,frozen_train_only,True
O1SCOU11,2017-10-31,2017-07-14,2975,frozen_train_only,True
OMCFUDOU,2017-10-31,2017-07-14,2975,frozen_train_only,True
HN6TZPAF,2017-10-31,2017-07-14,2975,frozen_train_only,True
854QZNWK,2017-11-01,2017-07-14,2975,frozen_train_only,True
46UHJGY0,2017-11-02,2017-07-14,2975,frozen_train_only,True
N2249A7T,2017-11-02,2017-07-14,2975,frozen_train_only,True
E1LFK6E3,2017-11-03,2017-07-14,2975,frozen_train_only,True
XSEG5T4H,2017-11-03,2017-07-14,2975,frozen_train_only,True
WJO52I18,2017-11-04,2017-07-14,2975,frozen_train_only,True
SQ71BWHG,2017-11-04,2017-07-14,2975,frozen_train_only,True
ON821ADT,2017-11-04,2017-07-14,2975,frozen_train_only,True
T7N0RX05,2017-11-04,2017-07-14,2975,frozen_train_only,True
RN67OVFW,2017-11-04,2017-07-14,2975,frozen_train_only,True
IBB0VGUN,2017-11-05,2017-07-14,2975,frozen_train_only,True
0CR37ETK,2017-11-05,2017-07-14,2975,frozen_train_only,True
MA56XGWR,2017-11-05,2017-07-14,2975,frozen_train_only,True
NNNEMOZ5,2017-11-05,2017-07-14,2975,frozen_train_only,True
QD7MU7DD,2017-11-05,2017-07-14,2975,frozen_train_only,True
I5VHXAWW,2017-11-06,2017-07-14,2975,frozen_train_only,True
J9PCNCUP,2017-11-06,2017-07-14,2975,frozen_train_only,True
1BW8S7JD,2017-11-06,2017-07-14,2975,frozen_train_only,True
C2FSIMZP,2017-11-07,2017-07-14,2975,frozen_train_only,True
PMK11X5L,2017-11-08,2017-07-14,2975,frozen_train_only,True
W4XB23IP,2017-11-09,2017-07-14,2975,frozen_train_only,True
6JBM1ZKO,2017-11-09,2017-07-14,2975,frozen_train_only,True
0KWYQTQQ,2017-11-10,2017-07-14,2975,frozen_train_only,True
G1W97XZA,2017-11-13,2017-07-14,2975,frozen_train_only,True
NXXKM7C7,2017-11-14,2017-07-14,2975,frozen_train_only,True
7XRWWM0X,2017-11-15,2017-07-14,2975,frozen_train_only,True
BREOLQD9,2017-11-16,2017-07-14,2975,frozen_train_only,True
62PCN0KS,2017-11-16,2017-07-14,2975,frozen_train_only,True
J962I0KG,2017-11-20,2017-07-14,2975,frozen_train_only,True
PQ84ANKD,2017-11-20,2017-07-14,2975,frozen_train_only,True
J1G2SZKD,2017-11-22,2017-07-14,2975,frozen_train_only,True
YMWG4Z3S,2017-11-23,2017-07-14,2975,frozen_train_only,True
PV3TH2FF,2017-11-23,2017-07-14,2975,frozen_train_only,True
4ZQTMS3Z,2017-11-23,2017-07-14,2975,frozen_train_only,True
D55HTKRU,2017-11-24,2017-07-14,2975,frozen_train_only,True
7S8SLZDY,2017-11-27,2017-07-14,2975,frozen_train_only,True
L8XNQONA,2017-11-27,2017-07-14,2975,frozen_train_only,True
JVF7HZMV,2017-11-28,2017-07-14,2975,frozen_train_only,True
GQDS81G1,2017-11-30,2017-07-14,2975,frozen_train_only,True
LC93MVYP,2017-12-01,2017-07-14,2975,frozen_train_only,True
07GUKIG3,2017-12-05,2017-07-14,2975,frozen_train_only,True
RS31U03Y,2017-12-07,2017-07-14,2975,frozen_train_only,True
VL8YNHD7,2017-12-08,2017-07-14,2975,frozen_train_only,True
GMY4U7RD,2017-12-09,2017-07-14,2975,frozen_train_only,True
FZWU2I30,2017-12-10,2017-07-14,2975,frozen_train_only,True
PM2BF2KB,2017-12-13,2017-07-14,2975,frozen_train_only,True
IQR162ZT,2017-12-13,2017-07-14,2975,frozen_train_only,True
K9KGXL2E,2017-12-13,2017-07-14,2975,frozen_train_only,True
TOJ902PF,2017-12-15,2017-07-14,2975,frozen_train_only,True
J5BCAQ1Z,2017-12-15,2017-07-14,2975,frozen_train_only,True
RTWE19SU,2017-12-17,2017-07-14,2975,frozen_train_only,True
T6MPH7JC,2017-12-17,2017-07-14,2975,frozen_train_only,True
NGTVHTFH,2017-12-19,2017-07-14,2975,frozen_train_only,True
HB740BLB,2017-12-20,2017-07-14,2975,frozen_train_only,True
HCQK8NQ8,2017-12-20,2017-07-14,2975,frozen_train_only,True
RDHTQLNI,2017-12-21,2017-07-14,2975,frozen_train_only,True
DB801ISB,2017-12-22,2017-07-14,2975,frozen_train_only,True
